library	libraryPrep	lab	date	sample	replicate	kit	sequencingSite	symbol.batch	filename_fpkm	filename_readCount	symbol.libPrep	symbol.lab	Batch
FPKM.Quartet_RNA_BGI_BGI2000_PolyA_BGI_D5_1_20200618	PolyA	BGI	20200618	D5	1	BGI	BGI	B1	Quartet_RNA_BGI_BGI2000_PolyA_BGI_20200618_genes_fpkm.csv	Quartet_RNA_BGI_BGI2000_PolyA_BGI_20200618_gene_count_matrix.csv	P	L3	P_BGI_L3_B1
FPKM.Quartet_RNA_BGI_BGI2000_PolyA_BGI_D5_2_20200618	PolyA	BGI	20200618	D5	2	BGI	BGI	B1	Quartet_RNA_BGI_BGI2000_PolyA_BGI_20200618_genes_fpkm.csv	Quartet_RNA_BGI_BGI2000_PolyA_BGI_20200618_gene_count_matrix.csv	P	L3	P_BGI_L3_B1
FPKM.Quartet_RNA_BGI_BGI2000_PolyA_BGI_D5_3_20200618	PolyA	BGI	20200618	D5	3	BGI	BGI	B1	Quartet_RNA_BGI_BGI2000_PolyA_BGI_20200618_genes_fpkm.csv	Quartet_RNA_BGI_BGI2000_PolyA_BGI_20200618_gene_count_matrix.csv	P	L3	P_BGI_L3_B1
FPKM.Quartet_RNA_BGI_BGI2000_PolyA_BGI_D6_1_20200618	PolyA	BGI	20200618	D6	1	BGI	BGI	B1	Quartet_RNA_BGI_BGI2000_PolyA_BGI_20200618_genes_fpkm.csv	Quartet_RNA_BGI_BGI2000_PolyA_BGI_20200618_gene_count_matrix.csv	P	L3	P_BGI_L3_B1
FPKM.Quartet_RNA_BGI_BGI2000_PolyA_BGI_D6_2_20200618	PolyA	BGI	20200618	D6	2	BGI	BGI	B1	Quartet_RNA_BGI_BGI2000_PolyA_BGI_20200618_genes_fpkm.csv	Quartet_RNA_BGI_BGI2000_PolyA_BGI_20200618_gene_count_matrix.csv	P	L3	P_BGI_L3_B1
FPKM.Quartet_RNA_BGI_BGI2000_PolyA_BGI_D6_3_20200618	PolyA	BGI	20200618	D6	3	BGI	BGI	B1	Quartet_RNA_BGI_BGI2000_PolyA_BGI_20200618_genes_fpkm.csv	Quartet_RNA_BGI_BGI2000_PolyA_BGI_20200618_gene_count_matrix.csv	P	L3	P_BGI_L3_B1
FPKM.Quartet_RNA_BGI_BGI2000_PolyA_BGI_F7_1_20200618	PolyA	BGI	20200618	F7	1	BGI	BGI	B1	Quartet_RNA_BGI_BGI2000_PolyA_BGI_20200618_genes_fpkm.csv	Quartet_RNA_BGI_BGI2000_PolyA_BGI_20200618_gene_count_matrix.csv	P	L3	P_BGI_L3_B1
FPKM.Quartet_RNA_BGI_BGI2000_PolyA_BGI_F7_2_20200618	PolyA	BGI	20200618	F7	2	BGI	BGI	B1	Quartet_RNA_BGI_BGI2000_PolyA_BGI_20200618_genes_fpkm.csv	Quartet_RNA_BGI_BGI2000_PolyA_BGI_20200618_gene_count_matrix.csv	P	L3	P_BGI_L3_B1
FPKM.Quartet_RNA_BGI_BGI2000_PolyA_BGI_F7_3_20200618	PolyA	BGI	20200618	F7	3	BGI	BGI	B1	Quartet_RNA_BGI_BGI2000_PolyA_BGI_20200618_genes_fpkm.csv	Quartet_RNA_BGI_BGI2000_PolyA_BGI_20200618_gene_count_matrix.csv	P	L3	P_BGI_L3_B1
FPKM.Quartet_RNA_BGI_BGI2000_PolyA_BGI_M8_1_20200618	PolyA	BGI	20200618	M8	1	BGI	BGI	B1	Quartet_RNA_BGI_BGI2000_PolyA_BGI_20200618_genes_fpkm.csv	Quartet_RNA_BGI_BGI2000_PolyA_BGI_20200618_gene_count_matrix.csv	P	L3	P_BGI_L3_B1
FPKM.Quartet_RNA_BGI_BGI2000_PolyA_BGI_M8_2_20200618	PolyA	BGI	20200618	M8	2	BGI	BGI	B1	Quartet_RNA_BGI_BGI2000_PolyA_BGI_20200618_genes_fpkm.csv	Quartet_RNA_BGI_BGI2000_PolyA_BGI_20200618_gene_count_matrix.csv	P	L3	P_BGI_L3_B1
FPKM.Quartet_RNA_BGI_BGI2000_PolyA_BGI_M8_3_20200618	PolyA	BGI	20200618	M8	3	BGI	BGI	B1	Quartet_RNA_BGI_BGI2000_PolyA_BGI_20200618_genes_fpkm.csv	Quartet_RNA_BGI_BGI2000_PolyA_BGI_20200618_gene_count_matrix.csv	P	L3	P_BGI_L3_B1
FPKM.Quartet_RNA_BGI_BGI2000_PolyA_VAZ_D5_1_20200612	PolyA	VAZ	20200612	D5	1	VAZ	BGI	B1	Quartet_RNA_BGI_BGI2000_PolyA_VAZ_20200612_genes_fpkm.csv	Quartet_RNA_BGI_BGI2000_PolyA_VAZ_20200612_gene_count_matrix.csv	P	L6	P_BGI_L6_B1
FPKM.Quartet_RNA_BGI_BGI2000_PolyA_VAZ_D5_2_20200612	PolyA	VAZ	20200612	D5	2	VAZ	BGI	B1	Quartet_RNA_BGI_BGI2000_PolyA_VAZ_20200612_genes_fpkm.csv	Quartet_RNA_BGI_BGI2000_PolyA_VAZ_20200612_gene_count_matrix.csv	P	L6	P_BGI_L6_B1
FPKM.Quartet_RNA_BGI_BGI2000_PolyA_VAZ_D5_3_20200612	PolyA	VAZ	20200612	D5	3	VAZ	BGI	B1	Quartet_RNA_BGI_BGI2000_PolyA_VAZ_20200612_genes_fpkm.csv	Quartet_RNA_BGI_BGI2000_PolyA_VAZ_20200612_gene_count_matrix.csv	P	L6	P_BGI_L6_B1
FPKM.Quartet_RNA_BGI_BGI2000_PolyA_VAZ_D6_1_20200612	PolyA	VAZ	20200612	D6	1	VAZ	BGI	B1	Quartet_RNA_BGI_BGI2000_PolyA_VAZ_20200612_genes_fpkm.csv	Quartet_RNA_BGI_BGI2000_PolyA_VAZ_20200612_gene_count_matrix.csv	P	L6	P_BGI_L6_B1
FPKM.Quartet_RNA_BGI_BGI2000_PolyA_VAZ_D6_2_20200612	PolyA	VAZ	20200612	D6	2	VAZ	BGI	B1	Quartet_RNA_BGI_BGI2000_PolyA_VAZ_20200612_genes_fpkm.csv	Quartet_RNA_BGI_BGI2000_PolyA_VAZ_20200612_gene_count_matrix.csv	P	L6	P_BGI_L6_B1
FPKM.Quartet_RNA_BGI_BGI2000_PolyA_VAZ_D6_3_20200612	PolyA	VAZ	20200612	D6	3	VAZ	BGI	B1	Quartet_RNA_BGI_BGI2000_PolyA_VAZ_20200612_genes_fpkm.csv	Quartet_RNA_BGI_BGI2000_PolyA_VAZ_20200612_gene_count_matrix.csv	P	L6	P_BGI_L6_B1
FPKM.Quartet_RNA_BGI_BGI2000_PolyA_VAZ_F7_1_20200612	PolyA	VAZ	20200612	F7	1	VAZ	BGI	B1	Quartet_RNA_BGI_BGI2000_PolyA_VAZ_20200612_genes_fpkm.csv	Quartet_RNA_BGI_BGI2000_PolyA_VAZ_20200612_gene_count_matrix.csv	P	L6	P_BGI_L6_B1
FPKM.Quartet_RNA_BGI_BGI2000_PolyA_VAZ_F7_2_20200612	PolyA	VAZ	20200612	F7	2	VAZ	BGI	B1	Quartet_RNA_BGI_BGI2000_PolyA_VAZ_20200612_genes_fpkm.csv	Quartet_RNA_BGI_BGI2000_PolyA_VAZ_20200612_gene_count_matrix.csv	P	L6	P_BGI_L6_B1
FPKM.Quartet_RNA_BGI_BGI2000_PolyA_VAZ_F7_3_20200612	PolyA	VAZ	20200612	F7	3	VAZ	BGI	B1	Quartet_RNA_BGI_BGI2000_PolyA_VAZ_20200612_genes_fpkm.csv	Quartet_RNA_BGI_BGI2000_PolyA_VAZ_20200612_gene_count_matrix.csv	P	L6	P_BGI_L6_B1
FPKM.Quartet_RNA_BGI_BGI2000_PolyA_VAZ_M8_1_20200612	PolyA	VAZ	20200612	M8	1	VAZ	BGI	B1	Quartet_RNA_BGI_BGI2000_PolyA_VAZ_20200612_genes_fpkm.csv	Quartet_RNA_BGI_BGI2000_PolyA_VAZ_20200612_gene_count_matrix.csv	P	L6	P_BGI_L6_B1
FPKM.Quartet_RNA_BGI_BGI2000_PolyA_VAZ_M8_2_20200612	PolyA	VAZ	20200612	M8	2	VAZ	BGI	B1	Quartet_RNA_BGI_BGI2000_PolyA_VAZ_20200612_genes_fpkm.csv	Quartet_RNA_BGI_BGI2000_PolyA_VAZ_20200612_gene_count_matrix.csv	P	L6	P_BGI_L6_B1
FPKM.Quartet_RNA_BGI_BGI2000_PolyA_VAZ_M8_3_20200612	PolyA	VAZ	20200612	M8	3	VAZ	BGI	B1	Quartet_RNA_BGI_BGI2000_PolyA_VAZ_20200612_genes_fpkm.csv	Quartet_RNA_BGI_BGI2000_PolyA_VAZ_20200612_gene_count_matrix.csv	P	L6	P_BGI_L6_B1
FPKM.Quartet_RNA_BGI_BGI2000_RiboZero_BGI_D5_1_20200618	RiboZero	BGI	20200618	D5	1	BGI	BGI	B1	Quartet_RNA_BGI_BGI2000_RiboZero_BGI_20200618_genes_fpkm.csv	Quartet_RNA_BGI_BGI2000_RiboZero_BGI_20200618_gene_count_matrix.csv	R	L3	R_BGI_L3_B1
FPKM.Quartet_RNA_BGI_BGI2000_RiboZero_BGI_D5_2_20200618	RiboZero	BGI	20200618	D5	2	BGI	BGI	B1	Quartet_RNA_BGI_BGI2000_RiboZero_BGI_20200618_genes_fpkm.csv	Quartet_RNA_BGI_BGI2000_RiboZero_BGI_20200618_gene_count_matrix.csv	R	L3	R_BGI_L3_B1
FPKM.Quartet_RNA_BGI_BGI2000_RiboZero_BGI_D5_3_20200618	RiboZero	BGI	20200618	D5	3	BGI	BGI	B1	Quartet_RNA_BGI_BGI2000_RiboZero_BGI_20200618_genes_fpkm.csv	Quartet_RNA_BGI_BGI2000_RiboZero_BGI_20200618_gene_count_matrix.csv	R	L3	R_BGI_L3_B1
FPKM.Quartet_RNA_BGI_BGI2000_RiboZero_BGI_D6_1_20200618	RiboZero	BGI	20200618	D6	1	BGI	BGI	B1	Quartet_RNA_BGI_BGI2000_RiboZero_BGI_20200618_genes_fpkm.csv	Quartet_RNA_BGI_BGI2000_RiboZero_BGI_20200618_gene_count_matrix.csv	R	L3	R_BGI_L3_B1
FPKM.Quartet_RNA_BGI_BGI2000_RiboZero_BGI_D6_2_20200618	RiboZero	BGI	20200618	D6	2	BGI	BGI	B1	Quartet_RNA_BGI_BGI2000_RiboZero_BGI_20200618_genes_fpkm.csv	Quartet_RNA_BGI_BGI2000_RiboZero_BGI_20200618_gene_count_matrix.csv	R	L3	R_BGI_L3_B1
FPKM.Quartet_RNA_BGI_BGI2000_RiboZero_BGI_D6_3_20200618	RiboZero	BGI	20200618	D6	3	BGI	BGI	B1	Quartet_RNA_BGI_BGI2000_RiboZero_BGI_20200618_genes_fpkm.csv	Quartet_RNA_BGI_BGI2000_RiboZero_BGI_20200618_gene_count_matrix.csv	R	L3	R_BGI_L3_B1
FPKM.Quartet_RNA_BGI_BGI2000_RiboZero_BGI_F7_1_20200618	RiboZero	BGI	20200618	F7	1	BGI	BGI	B1	Quartet_RNA_BGI_BGI2000_RiboZero_BGI_20200618_genes_fpkm.csv	Quartet_RNA_BGI_BGI2000_RiboZero_BGI_20200618_gene_count_matrix.csv	R	L3	R_BGI_L3_B1
FPKM.Quartet_RNA_BGI_BGI2000_RiboZero_BGI_F7_2_20200618	RiboZero	BGI	20200618	F7	2	BGI	BGI	B1	Quartet_RNA_BGI_BGI2000_RiboZero_BGI_20200618_genes_fpkm.csv	Quartet_RNA_BGI_BGI2000_RiboZero_BGI_20200618_gene_count_matrix.csv	R	L3	R_BGI_L3_B1
FPKM.Quartet_RNA_BGI_BGI2000_RiboZero_BGI_F7_3_20200618	RiboZero	BGI	20200618	F7	3	BGI	BGI	B1	Quartet_RNA_BGI_BGI2000_RiboZero_BGI_20200618_genes_fpkm.csv	Quartet_RNA_BGI_BGI2000_RiboZero_BGI_20200618_gene_count_matrix.csv	R	L3	R_BGI_L3_B1
FPKM.Quartet_RNA_BGI_BGI2000_RiboZero_BGI_M8_1_20200618	RiboZero	BGI	20200618	M8	1	BGI	BGI	B1	Quartet_RNA_BGI_BGI2000_RiboZero_BGI_20200618_genes_fpkm.csv	Quartet_RNA_BGI_BGI2000_RiboZero_BGI_20200618_gene_count_matrix.csv	R	L3	R_BGI_L3_B1
FPKM.Quartet_RNA_BGI_BGI2000_RiboZero_BGI_M8_2_20200618	RiboZero	BGI	20200618	M8	2	BGI	BGI	B1	Quartet_RNA_BGI_BGI2000_RiboZero_BGI_20200618_genes_fpkm.csv	Quartet_RNA_BGI_BGI2000_RiboZero_BGI_20200618_gene_count_matrix.csv	R	L3	R_BGI_L3_B1
FPKM.Quartet_RNA_BGI_BGI2000_RiboZero_BGI_M8_3_20200618	RiboZero	BGI	20200618	M8	3	BGI	BGI	B1	Quartet_RNA_BGI_BGI2000_RiboZero_BGI_20200618_genes_fpkm.csv	Quartet_RNA_BGI_BGI2000_RiboZero_BGI_20200618_gene_count_matrix.csv	R	L3	R_BGI_L3_B1
FPKM.Quartet_RNA_BGI_BGI2000_RiboZero_VAZ_D5_1_20200612	RiboZero	VAZ	20200612	D5	1	VAZ	BGI	B1	Quartet_RNA_BGI_BGI2000_RiboZero_VAZ_20200612_genes_fpkm.csv	Quartet_RNA_BGI_BGI2000_RiboZero_VAZ_20200612_gene_count_matrix.csv	R	L6	R_BGI_L6_B1
FPKM.Quartet_RNA_BGI_BGI2000_RiboZero_VAZ_D5_2_20200612	RiboZero	VAZ	20200612	D5	2	VAZ	BGI	B1	Quartet_RNA_BGI_BGI2000_RiboZero_VAZ_20200612_genes_fpkm.csv	Quartet_RNA_BGI_BGI2000_RiboZero_VAZ_20200612_gene_count_matrix.csv	R	L6	R_BGI_L6_B1
FPKM.Quartet_RNA_BGI_BGI2000_RiboZero_VAZ_D5_3_20200612	RiboZero	VAZ	20200612	D5	3	VAZ	BGI	B1	Quartet_RNA_BGI_BGI2000_RiboZero_VAZ_20200612_genes_fpkm.csv	Quartet_RNA_BGI_BGI2000_RiboZero_VAZ_20200612_gene_count_matrix.csv	R	L6	R_BGI_L6_B1
FPKM.Quartet_RNA_BGI_BGI2000_RiboZero_VAZ_D6_1_20200612	RiboZero	VAZ	20200612	D6	1	VAZ	BGI	B1	Quartet_RNA_BGI_BGI2000_RiboZero_VAZ_20200612_genes_fpkm.csv	Quartet_RNA_BGI_BGI2000_RiboZero_VAZ_20200612_gene_count_matrix.csv	R	L6	R_BGI_L6_B1
FPKM.Quartet_RNA_BGI_BGI2000_RiboZero_VAZ_D6_2_20200612	RiboZero	VAZ	20200612	D6	2	VAZ	BGI	B1	Quartet_RNA_BGI_BGI2000_RiboZero_VAZ_20200612_genes_fpkm.csv	Quartet_RNA_BGI_BGI2000_RiboZero_VAZ_20200612_gene_count_matrix.csv	R	L6	R_BGI_L6_B1
FPKM.Quartet_RNA_BGI_BGI2000_RiboZero_VAZ_D6_3_20200612	RiboZero	VAZ	20200612	D6	3	VAZ	BGI	B1	Quartet_RNA_BGI_BGI2000_RiboZero_VAZ_20200612_genes_fpkm.csv	Quartet_RNA_BGI_BGI2000_RiboZero_VAZ_20200612_gene_count_matrix.csv	R	L6	R_BGI_L6_B1
FPKM.Quartet_RNA_BGI_BGI2000_RiboZero_VAZ_F7_1_20200612	RiboZero	VAZ	20200612	F7	1	VAZ	BGI	B1	Quartet_RNA_BGI_BGI2000_RiboZero_VAZ_20200612_genes_fpkm.csv	Quartet_RNA_BGI_BGI2000_RiboZero_VAZ_20200612_gene_count_matrix.csv	R	L6	R_BGI_L6_B1
FPKM.Quartet_RNA_BGI_BGI2000_RiboZero_VAZ_F7_2_20200612	RiboZero	VAZ	20200612	F7	2	VAZ	BGI	B1	Quartet_RNA_BGI_BGI2000_RiboZero_VAZ_20200612_genes_fpkm.csv	Quartet_RNA_BGI_BGI2000_RiboZero_VAZ_20200612_gene_count_matrix.csv	R	L6	R_BGI_L6_B1
FPKM.Quartet_RNA_BGI_BGI2000_RiboZero_VAZ_F7_3_20200612	RiboZero	VAZ	20200612	F7	3	VAZ	BGI	B1	Quartet_RNA_BGI_BGI2000_RiboZero_VAZ_20200612_genes_fpkm.csv	Quartet_RNA_BGI_BGI2000_RiboZero_VAZ_20200612_gene_count_matrix.csv	R	L6	R_BGI_L6_B1
FPKM.Quartet_RNA_BGI_BGI2000_RiboZero_VAZ_M8_1_20200612	RiboZero	VAZ	20200612	M8	1	VAZ	BGI	B1	Quartet_RNA_BGI_BGI2000_RiboZero_VAZ_20200612_genes_fpkm.csv	Quartet_RNA_BGI_BGI2000_RiboZero_VAZ_20200612_gene_count_matrix.csv	R	L6	R_BGI_L6_B1
FPKM.Quartet_RNA_BGI_BGI2000_RiboZero_VAZ_M8_2_20200612	RiboZero	VAZ	20200612	M8	2	VAZ	BGI	B1	Quartet_RNA_BGI_BGI2000_RiboZero_VAZ_20200612_genes_fpkm.csv	Quartet_RNA_BGI_BGI2000_RiboZero_VAZ_20200612_gene_count_matrix.csv	R	L6	R_BGI_L6_B1
FPKM.Quartet_RNA_BGI_BGI2000_RiboZero_VAZ_M8_3_20200612	RiboZero	VAZ	20200612	M8	3	VAZ	BGI	B1	Quartet_RNA_BGI_BGI2000_RiboZero_VAZ_20200612_genes_fpkm.csv	Quartet_RNA_BGI_BGI2000_RiboZero_VAZ_20200612_gene_count_matrix.csv	R	L6	R_BGI_L6_B1
FPKM.Quartet_RNA_BGI_BGI2000_RiboZero_WEH_D5_1_20191125	RiboZero	WEH	20191125	D5	1	VAZ	BGI	B1	Quartet_RNA_BGI_BGI2000_RiboZero_WEH_20191125_genes_fpkm.csv	Quartet_RNA_BGI_BGI2000_RiboZero_WEH_20191125_gene_count_matrix.csv	R	L7	R_BGI_L7_B1
FPKM.Quartet_RNA_BGI_BGI2000_RiboZero_WEH_D5_2_20191125	RiboZero	WEH	20191125	D5	2	VAZ	BGI	B1	Quartet_RNA_BGI_BGI2000_RiboZero_WEH_20191125_genes_fpkm.csv	Quartet_RNA_BGI_BGI2000_RiboZero_WEH_20191125_gene_count_matrix.csv	R	L7	R_BGI_L7_B1
FPKM.Quartet_RNA_BGI_BGI2000_RiboZero_WEH_D5_3_20191125	RiboZero	WEH	20191125	D5	3	VAZ	BGI	B1	Quartet_RNA_BGI_BGI2000_RiboZero_WEH_20191125_genes_fpkm.csv	Quartet_RNA_BGI_BGI2000_RiboZero_WEH_20191125_gene_count_matrix.csv	R	L7	R_BGI_L7_B1
FPKM.Quartet_RNA_BGI_BGI2000_RiboZero_WEH_D6_1_20191125	RiboZero	WEH	20191125	D6	1	VAZ	BGI	B1	Quartet_RNA_BGI_BGI2000_RiboZero_WEH_20191125_genes_fpkm.csv	Quartet_RNA_BGI_BGI2000_RiboZero_WEH_20191125_gene_count_matrix.csv	R	L7	R_BGI_L7_B1
FPKM.Quartet_RNA_BGI_BGI2000_RiboZero_WEH_D6_2_20191125	RiboZero	WEH	20191125	D6	2	VAZ	BGI	B1	Quartet_RNA_BGI_BGI2000_RiboZero_WEH_20191125_genes_fpkm.csv	Quartet_RNA_BGI_BGI2000_RiboZero_WEH_20191125_gene_count_matrix.csv	R	L7	R_BGI_L7_B1
FPKM.Quartet_RNA_BGI_BGI2000_RiboZero_WEH_D6_3_20191125	RiboZero	WEH	20191125	D6	3	VAZ	BGI	B1	Quartet_RNA_BGI_BGI2000_RiboZero_WEH_20191125_genes_fpkm.csv	Quartet_RNA_BGI_BGI2000_RiboZero_WEH_20191125_gene_count_matrix.csv	R	L7	R_BGI_L7_B1
FPKM.Quartet_RNA_BGI_BGI2000_RiboZero_WEH_F7_1_20191125	RiboZero	WEH	20191125	F7	1	VAZ	BGI	B1	Quartet_RNA_BGI_BGI2000_RiboZero_WEH_20191125_genes_fpkm.csv	Quartet_RNA_BGI_BGI2000_RiboZero_WEH_20191125_gene_count_matrix.csv	R	L7	R_BGI_L7_B1
FPKM.Quartet_RNA_BGI_BGI2000_RiboZero_WEH_F7_2_20191125	RiboZero	WEH	20191125	F7	2	VAZ	BGI	B1	Quartet_RNA_BGI_BGI2000_RiboZero_WEH_20191125_genes_fpkm.csv	Quartet_RNA_BGI_BGI2000_RiboZero_WEH_20191125_gene_count_matrix.csv	R	L7	R_BGI_L7_B1
FPKM.Quartet_RNA_BGI_BGI2000_RiboZero_WEH_F7_3_20191125	RiboZero	WEH	20191125	F7	3	VAZ	BGI	B1	Quartet_RNA_BGI_BGI2000_RiboZero_WEH_20191125_genes_fpkm.csv	Quartet_RNA_BGI_BGI2000_RiboZero_WEH_20191125_gene_count_matrix.csv	R	L7	R_BGI_L7_B1
FPKM.Quartet_RNA_BGI_BGI2000_RiboZero_WEH_M8_1_20191125	RiboZero	WEH	20191125	M8	1	VAZ	BGI	B1	Quartet_RNA_BGI_BGI2000_RiboZero_WEH_20191125_genes_fpkm.csv	Quartet_RNA_BGI_BGI2000_RiboZero_WEH_20191125_gene_count_matrix.csv	R	L7	R_BGI_L7_B1
FPKM.Quartet_RNA_BGI_BGI2000_RiboZero_WEH_M8_2_20191125	RiboZero	WEH	20191125	M8	2	VAZ	BGI	B1	Quartet_RNA_BGI_BGI2000_RiboZero_WEH_20191125_genes_fpkm.csv	Quartet_RNA_BGI_BGI2000_RiboZero_WEH_20191125_gene_count_matrix.csv	R	L7	R_BGI_L7_B1
FPKM.Quartet_RNA_BGI_BGI2000_RiboZero_WEH_M8_3_20191125	RiboZero	WEH	20191125	M8	3	VAZ	BGI	B1	Quartet_RNA_BGI_BGI2000_RiboZero_WEH_20191125_genes_fpkm.csv	Quartet_RNA_BGI_BGI2000_RiboZero_WEH_20191125_gene_count_matrix.csv	R	L7	R_BGI_L7_B1
FPKM.Quartet_RNA_ILM_NovaSeq_PolyA_ABC_D5_1_20200602	PolyA	ABC	20200602	D5	1	VAZ	ILM	B1	Quartet_RNA_ILM_NovaSeq_PolyA_ABC_20200602_genes_fpkm.csv	Quartet_RNA_ILM_NovaSeq_PolyA_ABC_20200602_gene_count_matrix.csv	P	L1	P_ILM_L1_B1
FPKM.Quartet_RNA_ILM_NovaSeq_PolyA_ABC_D5_2_20200602	PolyA	ABC	20200602	D5	2	VAZ	ILM	B1	Quartet_RNA_ILM_NovaSeq_PolyA_ABC_20200602_genes_fpkm.csv	Quartet_RNA_ILM_NovaSeq_PolyA_ABC_20200602_gene_count_matrix.csv	P	L1	P_ILM_L1_B1
FPKM.Quartet_RNA_ILM_NovaSeq_PolyA_ABC_D5_3_20200602	PolyA	ABC	20200602	D5	3	VAZ	ILM	B1	Quartet_RNA_ILM_NovaSeq_PolyA_ABC_20200602_genes_fpkm.csv	Quartet_RNA_ILM_NovaSeq_PolyA_ABC_20200602_gene_count_matrix.csv	P	L1	P_ILM_L1_B1
FPKM.Quartet_RNA_ILM_NovaSeq_PolyA_ABC_D6_1_20200602	PolyA	ABC	20200602	D6	1	VAZ	ILM	B1	Quartet_RNA_ILM_NovaSeq_PolyA_ABC_20200602_genes_fpkm.csv	Quartet_RNA_ILM_NovaSeq_PolyA_ABC_20200602_gene_count_matrix.csv	P	L1	P_ILM_L1_B1
FPKM.Quartet_RNA_ILM_NovaSeq_PolyA_ABC_D6_2_20200602	PolyA	ABC	20200602	D6	2	VAZ	ILM	B1	Quartet_RNA_ILM_NovaSeq_PolyA_ABC_20200602_genes_fpkm.csv	Quartet_RNA_ILM_NovaSeq_PolyA_ABC_20200602_gene_count_matrix.csv	P	L1	P_ILM_L1_B1
FPKM.Quartet_RNA_ILM_NovaSeq_PolyA_ABC_D6_3_20200602	PolyA	ABC	20200602	D6	3	VAZ	ILM	B1	Quartet_RNA_ILM_NovaSeq_PolyA_ABC_20200602_genes_fpkm.csv	Quartet_RNA_ILM_NovaSeq_PolyA_ABC_20200602_gene_count_matrix.csv	P	L1	P_ILM_L1_B1
FPKM.Quartet_RNA_ILM_NovaSeq_PolyA_ABC_F7_1_20200602	PolyA	ABC	20200602	F7	1	VAZ	ILM	B1	Quartet_RNA_ILM_NovaSeq_PolyA_ABC_20200602_genes_fpkm.csv	Quartet_RNA_ILM_NovaSeq_PolyA_ABC_20200602_gene_count_matrix.csv	P	L1	P_ILM_L1_B1
FPKM.Quartet_RNA_ILM_NovaSeq_PolyA_ABC_F7_2_20200602	PolyA	ABC	20200602	F7	2	VAZ	ILM	B1	Quartet_RNA_ILM_NovaSeq_PolyA_ABC_20200602_genes_fpkm.csv	Quartet_RNA_ILM_NovaSeq_PolyA_ABC_20200602_gene_count_matrix.csv	P	L1	P_ILM_L1_B1
FPKM.Quartet_RNA_ILM_NovaSeq_PolyA_ABC_F7_3_20200602	PolyA	ABC	20200602	F7	3	VAZ	ILM	B1	Quartet_RNA_ILM_NovaSeq_PolyA_ABC_20200602_genes_fpkm.csv	Quartet_RNA_ILM_NovaSeq_PolyA_ABC_20200602_gene_count_matrix.csv	P	L1	P_ILM_L1_B1
FPKM.Quartet_RNA_ILM_NovaSeq_PolyA_ABC_M8_1_20200602	PolyA	ABC	20200602	M8	1	VAZ	ILM	B1	Quartet_RNA_ILM_NovaSeq_PolyA_ABC_20200602_genes_fpkm.csv	Quartet_RNA_ILM_NovaSeq_PolyA_ABC_20200602_gene_count_matrix.csv	P	L1	P_ILM_L1_B1
FPKM.Quartet_RNA_ILM_NovaSeq_PolyA_ABC_M8_2_20200602	PolyA	ABC	20200602	M8	2	VAZ	ILM	B1	Quartet_RNA_ILM_NovaSeq_PolyA_ABC_20200602_genes_fpkm.csv	Quartet_RNA_ILM_NovaSeq_PolyA_ABC_20200602_gene_count_matrix.csv	P	L1	P_ILM_L1_B1
FPKM.Quartet_RNA_ILM_NovaSeq_PolyA_ABC_M8_3_20200602	PolyA	ABC	20200602	M8	3	VAZ	ILM	B1	Quartet_RNA_ILM_NovaSeq_PolyA_ABC_20200602_genes_fpkm.csv	Quartet_RNA_ILM_NovaSeq_PolyA_ABC_20200602_gene_count_matrix.csv	P	L1	P_ILM_L1_B1
FPKM.Quartet_RNA_ILM_NovaSeq_PolyA_ARD_D5_1_20180925	PolyA	ARD	20180925	D5	1	VAZ	ILM	B1	Quartet_RNA_ILM_NovaSeq_PolyA_ARD_20180925_genes_fpkm.csv	Quartet_RNA_ILM_NovaSeq_PolyA_ARD_20180925_gene_count_matrix.csv	P	L2	P_ILM_L2_B1
FPKM.Quartet_RNA_ILM_NovaSeq_PolyA_ARD_D5_2_20180925	PolyA	ARD	20180925	D5	2	VAZ	ILM	B1	Quartet_RNA_ILM_NovaSeq_PolyA_ARD_20180925_genes_fpkm.csv	Quartet_RNA_ILM_NovaSeq_PolyA_ARD_20180925_gene_count_matrix.csv	P	L2	P_ILM_L2_B1
FPKM.Quartet_RNA_ILM_NovaSeq_PolyA_ARD_D5_3_20180925	PolyA	ARD	20180925	D5	3	VAZ	ILM	B1	Quartet_RNA_ILM_NovaSeq_PolyA_ARD_20180925_genes_fpkm.csv	Quartet_RNA_ILM_NovaSeq_PolyA_ARD_20180925_gene_count_matrix.csv	P	L2	P_ILM_L2_B1
FPKM.Quartet_RNA_ILM_NovaSeq_PolyA_ARD_D6_1_20180925	PolyA	ARD	20180925	D6	1	VAZ	ILM	B1	Quartet_RNA_ILM_NovaSeq_PolyA_ARD_20180925_genes_fpkm.csv	Quartet_RNA_ILM_NovaSeq_PolyA_ARD_20180925_gene_count_matrix.csv	P	L2	P_ILM_L2_B1
FPKM.Quartet_RNA_ILM_NovaSeq_PolyA_ARD_D6_2_20180925	PolyA	ARD	20180925	D6	2	VAZ	ILM	B1	Quartet_RNA_ILM_NovaSeq_PolyA_ARD_20180925_genes_fpkm.csv	Quartet_RNA_ILM_NovaSeq_PolyA_ARD_20180925_gene_count_matrix.csv	P	L2	P_ILM_L2_B1
FPKM.Quartet_RNA_ILM_NovaSeq_PolyA_ARD_D6_3_20180925	PolyA	ARD	20180925	D6	3	VAZ	ILM	B1	Quartet_RNA_ILM_NovaSeq_PolyA_ARD_20180925_genes_fpkm.csv	Quartet_RNA_ILM_NovaSeq_PolyA_ARD_20180925_gene_count_matrix.csv	P	L2	P_ILM_L2_B1
FPKM.Quartet_RNA_ILM_NovaSeq_PolyA_ARD_F7_1_20180925	PolyA	ARD	20180925	F7	1	VAZ	ILM	B1	Quartet_RNA_ILM_NovaSeq_PolyA_ARD_20180925_genes_fpkm.csv	Quartet_RNA_ILM_NovaSeq_PolyA_ARD_20180925_gene_count_matrix.csv	P	L2	P_ILM_L2_B1
FPKM.Quartet_RNA_ILM_NovaSeq_PolyA_ARD_F7_2_20180925	PolyA	ARD	20180925	F7	2	VAZ	ILM	B1	Quartet_RNA_ILM_NovaSeq_PolyA_ARD_20180925_genes_fpkm.csv	Quartet_RNA_ILM_NovaSeq_PolyA_ARD_20180925_gene_count_matrix.csv	P	L2	P_ILM_L2_B1
FPKM.Quartet_RNA_ILM_NovaSeq_PolyA_ARD_F7_3_20180925	PolyA	ARD	20180925	F7	3	VAZ	ILM	B1	Quartet_RNA_ILM_NovaSeq_PolyA_ARD_20180925_genes_fpkm.csv	Quartet_RNA_ILM_NovaSeq_PolyA_ARD_20180925_gene_count_matrix.csv	P	L2	P_ILM_L2_B1
FPKM.Quartet_RNA_ILM_NovaSeq_PolyA_ARD_M8_1_20180925	PolyA	ARD	20180925	M8	1	VAZ	ILM	B1	Quartet_RNA_ILM_NovaSeq_PolyA_ARD_20180925_genes_fpkm.csv	Quartet_RNA_ILM_NovaSeq_PolyA_ARD_20180925_gene_count_matrix.csv	P	L2	P_ILM_L2_B1
FPKM.Quartet_RNA_ILM_NovaSeq_PolyA_ARD_M8_2_20180925	PolyA	ARD	20180925	M8	2	VAZ	ILM	B1	Quartet_RNA_ILM_NovaSeq_PolyA_ARD_20180925_genes_fpkm.csv	Quartet_RNA_ILM_NovaSeq_PolyA_ARD_20180925_gene_count_matrix.csv	P	L2	P_ILM_L2_B1
FPKM.Quartet_RNA_ILM_NovaSeq_PolyA_ARD_M8_3_20180925	PolyA	ARD	20180925	M8	3	VAZ	ILM	B1	Quartet_RNA_ILM_NovaSeq_PolyA_ARD_20180925_genes_fpkm.csv	Quartet_RNA_ILM_NovaSeq_PolyA_ARD_20180925_gene_count_matrix.csv	P	L2	P_ILM_L2_B1
FPKM.Quartet_RNA_ILM_NovaSeq_PolyA_FDU_D5_1_20190816	PolyA	FDU	20190816	D5	1	KAPA	ILM	B1	Quartet_RNA_ILM_NovaSeq_PolyA_FDU_20190816_genes_fpkm.csv	Quartet_RNA_ILM_NovaSeq_PolyA_FDU_20190816_gene_count_matrix.csv	P	L5	P_ILM_L5_B1
FPKM.Quartet_RNA_ILM_NovaSeq_PolyA_FDU_D5_2_20190816	PolyA	FDU	20190816	D5	2	KAPA	ILM	B1	Quartet_RNA_ILM_NovaSeq_PolyA_FDU_20190816_genes_fpkm.csv	Quartet_RNA_ILM_NovaSeq_PolyA_FDU_20190816_gene_count_matrix.csv	P	L5	P_ILM_L5_B1
FPKM.Quartet_RNA_ILM_NovaSeq_PolyA_FDU_D5_3_20190816	PolyA	FDU	20190816	D5	3	KAPA	ILM	B1	Quartet_RNA_ILM_NovaSeq_PolyA_FDU_20190816_genes_fpkm.csv	Quartet_RNA_ILM_NovaSeq_PolyA_FDU_20190816_gene_count_matrix.csv	P	L5	P_ILM_L5_B1
FPKM.Quartet_RNA_ILM_NovaSeq_PolyA_FDU_D6_1_20190816	PolyA	FDU	20190816	D6	1	KAPA	ILM	B1	Quartet_RNA_ILM_NovaSeq_PolyA_FDU_20190816_genes_fpkm.csv	Quartet_RNA_ILM_NovaSeq_PolyA_FDU_20190816_gene_count_matrix.csv	P	L5	P_ILM_L5_B1
FPKM.Quartet_RNA_ILM_NovaSeq_PolyA_FDU_D6_2_20190816	PolyA	FDU	20190816	D6	2	KAPA	ILM	B1	Quartet_RNA_ILM_NovaSeq_PolyA_FDU_20190816_genes_fpkm.csv	Quartet_RNA_ILM_NovaSeq_PolyA_FDU_20190816_gene_count_matrix.csv	P	L5	P_ILM_L5_B1
FPKM.Quartet_RNA_ILM_NovaSeq_PolyA_FDU_D6_3_20190816	PolyA	FDU	20190816	D6	3	KAPA	ILM	B1	Quartet_RNA_ILM_NovaSeq_PolyA_FDU_20190816_genes_fpkm.csv	Quartet_RNA_ILM_NovaSeq_PolyA_FDU_20190816_gene_count_matrix.csv	P	L5	P_ILM_L5_B1
FPKM.Quartet_RNA_ILM_NovaSeq_PolyA_FDU_F7_1_20190816	PolyA	FDU	20190816	F7	1	KAPA	ILM	B1	Quartet_RNA_ILM_NovaSeq_PolyA_FDU_20190816_genes_fpkm.csv	Quartet_RNA_ILM_NovaSeq_PolyA_FDU_20190816_gene_count_matrix.csv	P	L5	P_ILM_L5_B1
FPKM.Quartet_RNA_ILM_NovaSeq_PolyA_FDU_F7_2_20190816	PolyA	FDU	20190816	F7	2	KAPA	ILM	B1	Quartet_RNA_ILM_NovaSeq_PolyA_FDU_20190816_genes_fpkm.csv	Quartet_RNA_ILM_NovaSeq_PolyA_FDU_20190816_gene_count_matrix.csv	P	L5	P_ILM_L5_B1
FPKM.Quartet_RNA_ILM_NovaSeq_PolyA_FDU_F7_3_20190816	PolyA	FDU	20190816	F7	3	KAPA	ILM	B1	Quartet_RNA_ILM_NovaSeq_PolyA_FDU_20190816_genes_fpkm.csv	Quartet_RNA_ILM_NovaSeq_PolyA_FDU_20190816_gene_count_matrix.csv	P	L5	P_ILM_L5_B1
FPKM.Quartet_RNA_ILM_NovaSeq_PolyA_FDU_M8_1_20190816	PolyA	FDU	20190816	M8	1	KAPA	ILM	B1	Quartet_RNA_ILM_NovaSeq_PolyA_FDU_20190816_genes_fpkm.csv	Quartet_RNA_ILM_NovaSeq_PolyA_FDU_20190816_gene_count_matrix.csv	P	L5	P_ILM_L5_B1
FPKM.Quartet_RNA_ILM_NovaSeq_PolyA_FDU_M8_2_20190816	PolyA	FDU	20190816	M8	2	KAPA	ILM	B1	Quartet_RNA_ILM_NovaSeq_PolyA_FDU_20190816_genes_fpkm.csv	Quartet_RNA_ILM_NovaSeq_PolyA_FDU_20190816_gene_count_matrix.csv	P	L5	P_ILM_L5_B1
FPKM.Quartet_RNA_ILM_NovaSeq_PolyA_FDU_M8_3_20190816	PolyA	FDU	20190816	M8	3	KAPA	ILM	B1	Quartet_RNA_ILM_NovaSeq_PolyA_FDU_20190816_genes_fpkm.csv	Quartet_RNA_ILM_NovaSeq_PolyA_FDU_20190816_gene_count_matrix.csv	P	L5	P_ILM_L5_B1
FPKM.Quartet_RNA_ILM_NovaSeq_PolyA_VAZ_D5_1_20200612	PolyA	VAZ	20200612	D5	1	VAZ	ILM	B1	Quartet_RNA_ILM_NovaSeq_PolyA_VAZ_20200612_genes_fpkm.csv	Quartet_RNA_ILM_NovaSeq_PolyA_VAZ_20200612_gene_count_matrix.csv	P	L6	P_ILM_L6_B1
FPKM.Quartet_RNA_ILM_NovaSeq_PolyA_VAZ_D5_2_20200612	PolyA	VAZ	20200612	D5	2	VAZ	ILM	B1	Quartet_RNA_ILM_NovaSeq_PolyA_VAZ_20200612_genes_fpkm.csv	Quartet_RNA_ILM_NovaSeq_PolyA_VAZ_20200612_gene_count_matrix.csv	P	L6	P_ILM_L6_B1
FPKM.Quartet_RNA_ILM_NovaSeq_PolyA_VAZ_D5_3_20200612	PolyA	VAZ	20200612	D5	3	VAZ	ILM	B1	Quartet_RNA_ILM_NovaSeq_PolyA_VAZ_20200612_genes_fpkm.csv	Quartet_RNA_ILM_NovaSeq_PolyA_VAZ_20200612_gene_count_matrix.csv	P	L6	P_ILM_L6_B1
FPKM.Quartet_RNA_ILM_NovaSeq_PolyA_VAZ_D6_1_20200612	PolyA	VAZ	20200612	D6	1	VAZ	ILM	B1	Quartet_RNA_ILM_NovaSeq_PolyA_VAZ_20200612_genes_fpkm.csv	Quartet_RNA_ILM_NovaSeq_PolyA_VAZ_20200612_gene_count_matrix.csv	P	L6	P_ILM_L6_B1
FPKM.Quartet_RNA_ILM_NovaSeq_PolyA_VAZ_D6_2_20200612	PolyA	VAZ	20200612	D6	2	VAZ	ILM	B1	Quartet_RNA_ILM_NovaSeq_PolyA_VAZ_20200612_genes_fpkm.csv	Quartet_RNA_ILM_NovaSeq_PolyA_VAZ_20200612_gene_count_matrix.csv	P	L6	P_ILM_L6_B1
FPKM.Quartet_RNA_ILM_NovaSeq_PolyA_VAZ_D6_3_20200612	PolyA	VAZ	20200612	D6	3	VAZ	ILM	B1	Quartet_RNA_ILM_NovaSeq_PolyA_VAZ_20200612_genes_fpkm.csv	Quartet_RNA_ILM_NovaSeq_PolyA_VAZ_20200612_gene_count_matrix.csv	P	L6	P_ILM_L6_B1
FPKM.Quartet_RNA_ILM_NovaSeq_PolyA_VAZ_F7_1_20200612	PolyA	VAZ	20200612	F7	1	VAZ	ILM	B1	Quartet_RNA_ILM_NovaSeq_PolyA_VAZ_20200612_genes_fpkm.csv	Quartet_RNA_ILM_NovaSeq_PolyA_VAZ_20200612_gene_count_matrix.csv	P	L6	P_ILM_L6_B1
FPKM.Quartet_RNA_ILM_NovaSeq_PolyA_VAZ_F7_2_20200612	PolyA	VAZ	20200612	F7	2	VAZ	ILM	B1	Quartet_RNA_ILM_NovaSeq_PolyA_VAZ_20200612_genes_fpkm.csv	Quartet_RNA_ILM_NovaSeq_PolyA_VAZ_20200612_gene_count_matrix.csv	P	L6	P_ILM_L6_B1
FPKM.Quartet_RNA_ILM_NovaSeq_PolyA_VAZ_F7_3_20200612	PolyA	VAZ	20200612	F7	3	VAZ	ILM	B1	Quartet_RNA_ILM_NovaSeq_PolyA_VAZ_20200612_genes_fpkm.csv	Quartet_RNA_ILM_NovaSeq_PolyA_VAZ_20200612_gene_count_matrix.csv	P	L6	P_ILM_L6_B1
FPKM.Quartet_RNA_ILM_NovaSeq_PolyA_VAZ_M8_1_20200612	PolyA	VAZ	20200612	M8	1	VAZ	ILM	B1	Quartet_RNA_ILM_NovaSeq_PolyA_VAZ_20200612_genes_fpkm.csv	Quartet_RNA_ILM_NovaSeq_PolyA_VAZ_20200612_gene_count_matrix.csv	P	L6	P_ILM_L6_B1
FPKM.Quartet_RNA_ILM_NovaSeq_PolyA_VAZ_M8_2_20200612	PolyA	VAZ	20200612	M8	2	VAZ	ILM	B1	Quartet_RNA_ILM_NovaSeq_PolyA_VAZ_20200612_genes_fpkm.csv	Quartet_RNA_ILM_NovaSeq_PolyA_VAZ_20200612_gene_count_matrix.csv	P	L6	P_ILM_L6_B1
FPKM.Quartet_RNA_ILM_NovaSeq_PolyA_VAZ_M8_3_20200612	PolyA	VAZ	20200612	M8	3	VAZ	ILM	B1	Quartet_RNA_ILM_NovaSeq_PolyA_VAZ_20200612_genes_fpkm.csv	Quartet_RNA_ILM_NovaSeq_PolyA_VAZ_20200612_gene_count_matrix.csv	P	L6	P_ILM_L6_B1
FPKM.Quartet_RNA_ILM_NovaSeq_PolyA_WUX_D5_1_20180928	PolyA	WUX	20180928	D5	1	ILM	ILM	B1	Quartet_RNA_ILM_NovaSeq_PolyA_WUX_20180928_genes_fpkm.csv	Quartet_RNA_ILM_NovaSeq_PolyA_WUX_20180928_gene_count_matrix.csv	P	L8	P_ILM_L8_B1
FPKM.Quartet_RNA_ILM_NovaSeq_PolyA_WUX_D5_2_20180928	PolyA	WUX	20180928	D5	2	ILM	ILM	B1	Quartet_RNA_ILM_NovaSeq_PolyA_WUX_20180928_genes_fpkm.csv	Quartet_RNA_ILM_NovaSeq_PolyA_WUX_20180928_gene_count_matrix.csv	P	L8	P_ILM_L8_B1
FPKM.Quartet_RNA_ILM_NovaSeq_PolyA_WUX_D5_3_20180928	PolyA	WUX	20180928	D5	3	ILM	ILM	B1	Quartet_RNA_ILM_NovaSeq_PolyA_WUX_20180928_genes_fpkm.csv	Quartet_RNA_ILM_NovaSeq_PolyA_WUX_20180928_gene_count_matrix.csv	P	L8	P_ILM_L8_B1
FPKM.Quartet_RNA_ILM_NovaSeq_PolyA_WUX_D6_1_20180928	PolyA	WUX	20180928	D6	1	ILM	ILM	B1	Quartet_RNA_ILM_NovaSeq_PolyA_WUX_20180928_genes_fpkm.csv	Quartet_RNA_ILM_NovaSeq_PolyA_WUX_20180928_gene_count_matrix.csv	P	L8	P_ILM_L8_B1
FPKM.Quartet_RNA_ILM_NovaSeq_PolyA_WUX_D6_2_20180928	PolyA	WUX	20180928	D6	2	ILM	ILM	B1	Quartet_RNA_ILM_NovaSeq_PolyA_WUX_20180928_genes_fpkm.csv	Quartet_RNA_ILM_NovaSeq_PolyA_WUX_20180928_gene_count_matrix.csv	P	L8	P_ILM_L8_B1
FPKM.Quartet_RNA_ILM_NovaSeq_PolyA_WUX_D6_3_20180928	PolyA	WUX	20180928	D6	3	ILM	ILM	B1	Quartet_RNA_ILM_NovaSeq_PolyA_WUX_20180928_genes_fpkm.csv	Quartet_RNA_ILM_NovaSeq_PolyA_WUX_20180928_gene_count_matrix.csv	P	L8	P_ILM_L8_B1
FPKM.Quartet_RNA_ILM_NovaSeq_PolyA_WUX_F7_1_20180928	PolyA	WUX	20180928	F7	1	ILM	ILM	B1	Quartet_RNA_ILM_NovaSeq_PolyA_WUX_20180928_genes_fpkm.csv	Quartet_RNA_ILM_NovaSeq_PolyA_WUX_20180928_gene_count_matrix.csv	P	L8	P_ILM_L8_B1
FPKM.Quartet_RNA_ILM_NovaSeq_PolyA_WUX_F7_2_20180928	PolyA	WUX	20180928	F7	2	ILM	ILM	B1	Quartet_RNA_ILM_NovaSeq_PolyA_WUX_20180928_genes_fpkm.csv	Quartet_RNA_ILM_NovaSeq_PolyA_WUX_20180928_gene_count_matrix.csv	P	L8	P_ILM_L8_B1
FPKM.Quartet_RNA_ILM_NovaSeq_PolyA_WUX_F7_3_20180928	PolyA	WUX	20180928	F7	3	ILM	ILM	B1	Quartet_RNA_ILM_NovaSeq_PolyA_WUX_20180928_genes_fpkm.csv	Quartet_RNA_ILM_NovaSeq_PolyA_WUX_20180928_gene_count_matrix.csv	P	L8	P_ILM_L8_B1
FPKM.Quartet_RNA_ILM_NovaSeq_PolyA_WUX_M8_1_20180928	PolyA	WUX	20180928	M8	1	ILM	ILM	B1	Quartet_RNA_ILM_NovaSeq_PolyA_WUX_20180928_genes_fpkm.csv	Quartet_RNA_ILM_NovaSeq_PolyA_WUX_20180928_gene_count_matrix.csv	P	L8	P_ILM_L8_B1
FPKM.Quartet_RNA_ILM_NovaSeq_PolyA_WUX_M8_2_20180928	PolyA	WUX	20180928	M8	2	ILM	ILM	B1	Quartet_RNA_ILM_NovaSeq_PolyA_WUX_20180928_genes_fpkm.csv	Quartet_RNA_ILM_NovaSeq_PolyA_WUX_20180928_gene_count_matrix.csv	P	L8	P_ILM_L8_B1
FPKM.Quartet_RNA_ILM_NovaSeq_PolyA_WUX_M8_3_20180928	PolyA	WUX	20180928	M8	3	ILM	ILM	B1	Quartet_RNA_ILM_NovaSeq_PolyA_WUX_20180928_genes_fpkm.csv	Quartet_RNA_ILM_NovaSeq_PolyA_WUX_20180928_gene_count_matrix.csv	P	L8	P_ILM_L8_B1
FPKM.Quartet_RNA_ILM_NovaSeq_RiboZero_ABC_D5_1_20200602	RiboZero	ABC	20200602	D5	1	VAZ	ILM	B1	Quartet_RNA_ILM_NovaSeq_RiboZero_ABC_20200602_genes_fpkm.csv	Quartet_RNA_ILM_NovaSeq_RiboZero_ABC_20200602_gene_count_matrix.csv	R	L1	R_ILM_L1_B1
FPKM.Quartet_RNA_ILM_NovaSeq_RiboZero_ABC_D5_2_20200602	RiboZero	ABC	20200602	D5	2	VAZ	ILM	B1	Quartet_RNA_ILM_NovaSeq_RiboZero_ABC_20200602_genes_fpkm.csv	Quartet_RNA_ILM_NovaSeq_RiboZero_ABC_20200602_gene_count_matrix.csv	R	L1	R_ILM_L1_B1
FPKM.Quartet_RNA_ILM_NovaSeq_RiboZero_ABC_D5_3_20200602	RiboZero	ABC	20200602	D5	3	VAZ	ILM	B1	Quartet_RNA_ILM_NovaSeq_RiboZero_ABC_20200602_genes_fpkm.csv	Quartet_RNA_ILM_NovaSeq_RiboZero_ABC_20200602_gene_count_matrix.csv	R	L1	R_ILM_L1_B1
FPKM.Quartet_RNA_ILM_NovaSeq_RiboZero_ABC_D6_1_20200602	RiboZero	ABC	20200602	D6	1	VAZ	ILM	B1	Quartet_RNA_ILM_NovaSeq_RiboZero_ABC_20200602_genes_fpkm.csv	Quartet_RNA_ILM_NovaSeq_RiboZero_ABC_20200602_gene_count_matrix.csv	R	L1	R_ILM_L1_B1
FPKM.Quartet_RNA_ILM_NovaSeq_RiboZero_ABC_D6_2_20200602	RiboZero	ABC	20200602	D6	2	VAZ	ILM	B1	Quartet_RNA_ILM_NovaSeq_RiboZero_ABC_20200602_genes_fpkm.csv	Quartet_RNA_ILM_NovaSeq_RiboZero_ABC_20200602_gene_count_matrix.csv	R	L1	R_ILM_L1_B1
FPKM.Quartet_RNA_ILM_NovaSeq_RiboZero_ABC_D6_3_20200602	RiboZero	ABC	20200602	D6	3	VAZ	ILM	B1	Quartet_RNA_ILM_NovaSeq_RiboZero_ABC_20200602_genes_fpkm.csv	Quartet_RNA_ILM_NovaSeq_RiboZero_ABC_20200602_gene_count_matrix.csv	R	L1	R_ILM_L1_B1
FPKM.Quartet_RNA_ILM_NovaSeq_RiboZero_ABC_F7_1_20200602	RiboZero	ABC	20200602	F7	1	VAZ	ILM	B1	Quartet_RNA_ILM_NovaSeq_RiboZero_ABC_20200602_genes_fpkm.csv	Quartet_RNA_ILM_NovaSeq_RiboZero_ABC_20200602_gene_count_matrix.csv	R	L1	R_ILM_L1_B1
FPKM.Quartet_RNA_ILM_NovaSeq_RiboZero_ABC_F7_2_20200602	RiboZero	ABC	20200602	F7	2	VAZ	ILM	B1	Quartet_RNA_ILM_NovaSeq_RiboZero_ABC_20200602_genes_fpkm.csv	Quartet_RNA_ILM_NovaSeq_RiboZero_ABC_20200602_gene_count_matrix.csv	R	L1	R_ILM_L1_B1
FPKM.Quartet_RNA_ILM_NovaSeq_RiboZero_ABC_F7_3_20200602	RiboZero	ABC	20200602	F7	3	VAZ	ILM	B1	Quartet_RNA_ILM_NovaSeq_RiboZero_ABC_20200602_genes_fpkm.csv	Quartet_RNA_ILM_NovaSeq_RiboZero_ABC_20200602_gene_count_matrix.csv	R	L1	R_ILM_L1_B1
FPKM.Quartet_RNA_ILM_NovaSeq_RiboZero_ABC_M8_1_20200602	RiboZero	ABC	20200602	M8	1	VAZ	ILM	B1	Quartet_RNA_ILM_NovaSeq_RiboZero_ABC_20200602_genes_fpkm.csv	Quartet_RNA_ILM_NovaSeq_RiboZero_ABC_20200602_gene_count_matrix.csv	R	L1	R_ILM_L1_B1
FPKM.Quartet_RNA_ILM_NovaSeq_RiboZero_ABC_M8_2_20200602	RiboZero	ABC	20200602	M8	2	VAZ	ILM	B1	Quartet_RNA_ILM_NovaSeq_RiboZero_ABC_20200602_genes_fpkm.csv	Quartet_RNA_ILM_NovaSeq_RiboZero_ABC_20200602_gene_count_matrix.csv	R	L1	R_ILM_L1_B1
FPKM.Quartet_RNA_ILM_NovaSeq_RiboZero_ABC_M8_3_20200602	RiboZero	ABC	20200602	M8	3	VAZ	ILM	B1	Quartet_RNA_ILM_NovaSeq_RiboZero_ABC_20200602_genes_fpkm.csv	Quartet_RNA_ILM_NovaSeq_RiboZero_ABC_20200602_gene_count_matrix.csv	R	L1	R_ILM_L1_B1
FPKM.Quartet_RNA_ILM_NovaSeq_RiboZero_ARD_D5_1_20181110	RiboZero	ARD	20181110	D5	1	VAZ	ILM	B1	Quartet_RNA_ILM_NovaSeq_RiboZero_ARD_20181110_genes_fpkm.csv	Quartet_RNA_ILM_NovaSeq_RiboZero_ARD_20181110_gene_count_matrix.csv	R	L2	R_ILM_L2_B1
FPKM.Quartet_RNA_ILM_NovaSeq_RiboZero_ARD_D5_1_20190129	RiboZero	ARD	20190129	D5	1	KAPA	ILM	B2	Quartet_RNA_ILM_NovaSeq_RiboZero_ARD_20190129_genes_fpkm.csv	Quartet_RNA_ILM_NovaSeq_RiboZero_ARD_20190129_gene_count_matrix.csv	R	L2	R_ILM_L2_B2
FPKM.Quartet_RNA_ILM_NovaSeq_RiboZero_ARD_D5_2_20181110	RiboZero	ARD	20181110	D5	2	VAZ	ILM	B1	Quartet_RNA_ILM_NovaSeq_RiboZero_ARD_20181110_genes_fpkm.csv	Quartet_RNA_ILM_NovaSeq_RiboZero_ARD_20181110_gene_count_matrix.csv	R	L2	R_ILM_L2_B1
FPKM.Quartet_RNA_ILM_NovaSeq_RiboZero_ARD_D5_2_20190129	RiboZero	ARD	20190129	D5	2	KAPA	ILM	B2	Quartet_RNA_ILM_NovaSeq_RiboZero_ARD_20190129_genes_fpkm.csv	Quartet_RNA_ILM_NovaSeq_RiboZero_ARD_20190129_gene_count_matrix.csv	R	L2	R_ILM_L2_B2
FPKM.Quartet_RNA_ILM_NovaSeq_RiboZero_ARD_D5_3_20181110	RiboZero	ARD	20181110	D5	3	VAZ	ILM	B1	Quartet_RNA_ILM_NovaSeq_RiboZero_ARD_20181110_genes_fpkm.csv	Quartet_RNA_ILM_NovaSeq_RiboZero_ARD_20181110_gene_count_matrix.csv	R	L2	R_ILM_L2_B1
FPKM.Quartet_RNA_ILM_NovaSeq_RiboZero_ARD_D5_3_20190129	RiboZero	ARD	20190129	D5	3	KAPA	ILM	B2	Quartet_RNA_ILM_NovaSeq_RiboZero_ARD_20190129_genes_fpkm.csv	Quartet_RNA_ILM_NovaSeq_RiboZero_ARD_20190129_gene_count_matrix.csv	R	L2	R_ILM_L2_B2
FPKM.Quartet_RNA_ILM_NovaSeq_RiboZero_ARD_D6_1_20181110	RiboZero	ARD	20181110	D6	1	VAZ	ILM	B1	Quartet_RNA_ILM_NovaSeq_RiboZero_ARD_20181110_genes_fpkm.csv	Quartet_RNA_ILM_NovaSeq_RiboZero_ARD_20181110_gene_count_matrix.csv	R	L2	R_ILM_L2_B1
FPKM.Quartet_RNA_ILM_NovaSeq_RiboZero_ARD_D6_1_20190129	RiboZero	ARD	20190129	D6	1	KAPA	ILM	B2	Quartet_RNA_ILM_NovaSeq_RiboZero_ARD_20190129_genes_fpkm.csv	Quartet_RNA_ILM_NovaSeq_RiboZero_ARD_20190129_gene_count_matrix.csv	R	L2	R_ILM_L2_B2
FPKM.Quartet_RNA_ILM_NovaSeq_RiboZero_ARD_D6_2_20181110	RiboZero	ARD	20181110	D6	2	VAZ	ILM	B1	Quartet_RNA_ILM_NovaSeq_RiboZero_ARD_20181110_genes_fpkm.csv	Quartet_RNA_ILM_NovaSeq_RiboZero_ARD_20181110_gene_count_matrix.csv	R	L2	R_ILM_L2_B1
FPKM.Quartet_RNA_ILM_NovaSeq_RiboZero_ARD_D6_2_20190129	RiboZero	ARD	20190129	D6	2	KAPA	ILM	B2	Quartet_RNA_ILM_NovaSeq_RiboZero_ARD_20190129_genes_fpkm.csv	Quartet_RNA_ILM_NovaSeq_RiboZero_ARD_20190129_gene_count_matrix.csv	R	L2	R_ILM_L2_B2
FPKM.Quartet_RNA_ILM_NovaSeq_RiboZero_ARD_D6_3_20181110	RiboZero	ARD	20181110	D6	3	VAZ	ILM	B1	Quartet_RNA_ILM_NovaSeq_RiboZero_ARD_20181110_genes_fpkm.csv	Quartet_RNA_ILM_NovaSeq_RiboZero_ARD_20181110_gene_count_matrix.csv	R	L2	R_ILM_L2_B1
FPKM.Quartet_RNA_ILM_NovaSeq_RiboZero_ARD_D6_3_20190129	RiboZero	ARD	20190129	D6	3	KAPA	ILM	B2	Quartet_RNA_ILM_NovaSeq_RiboZero_ARD_20190129_genes_fpkm.csv	Quartet_RNA_ILM_NovaSeq_RiboZero_ARD_20190129_gene_count_matrix.csv	R	L2	R_ILM_L2_B2
FPKM.Quartet_RNA_ILM_NovaSeq_RiboZero_ARD_F7_1_20181110	RiboZero	ARD	20181110	F7	1	VAZ	ILM	B1	Quartet_RNA_ILM_NovaSeq_RiboZero_ARD_20181110_genes_fpkm.csv	Quartet_RNA_ILM_NovaSeq_RiboZero_ARD_20181110_gene_count_matrix.csv	R	L2	R_ILM_L2_B1
FPKM.Quartet_RNA_ILM_NovaSeq_RiboZero_ARD_F7_1_20190129	RiboZero	ARD	20190129	F7	1	KAPA	ILM	B2	Quartet_RNA_ILM_NovaSeq_RiboZero_ARD_20190129_genes_fpkm.csv	Quartet_RNA_ILM_NovaSeq_RiboZero_ARD_20190129_gene_count_matrix.csv	R	L2	R_ILM_L2_B2
FPKM.Quartet_RNA_ILM_NovaSeq_RiboZero_ARD_F7_2_20181110	RiboZero	ARD	20181110	F7	2	VAZ	ILM	B1	Quartet_RNA_ILM_NovaSeq_RiboZero_ARD_20181110_genes_fpkm.csv	Quartet_RNA_ILM_NovaSeq_RiboZero_ARD_20181110_gene_count_matrix.csv	R	L2	R_ILM_L2_B1
FPKM.Quartet_RNA_ILM_NovaSeq_RiboZero_ARD_F7_2_20190129	RiboZero	ARD	20190129	F7	2	KAPA	ILM	B2	Quartet_RNA_ILM_NovaSeq_RiboZero_ARD_20190129_genes_fpkm.csv	Quartet_RNA_ILM_NovaSeq_RiboZero_ARD_20190129_gene_count_matrix.csv	R	L2	R_ILM_L2_B2
FPKM.Quartet_RNA_ILM_NovaSeq_RiboZero_ARD_F7_3_20181110	RiboZero	ARD	20181110	F7	3	VAZ	ILM	B1	Quartet_RNA_ILM_NovaSeq_RiboZero_ARD_20181110_genes_fpkm.csv	Quartet_RNA_ILM_NovaSeq_RiboZero_ARD_20181110_gene_count_matrix.csv	R	L2	R_ILM_L2_B1
FPKM.Quartet_RNA_ILM_NovaSeq_RiboZero_ARD_F7_3_20190129	RiboZero	ARD	20190129	F7	3	KAPA	ILM	B2	Quartet_RNA_ILM_NovaSeq_RiboZero_ARD_20190129_genes_fpkm.csv	Quartet_RNA_ILM_NovaSeq_RiboZero_ARD_20190129_gene_count_matrix.csv	R	L2	R_ILM_L2_B2
FPKM.Quartet_RNA_ILM_NovaSeq_RiboZero_ARD_M8_1_20181110	RiboZero	ARD	20181110	M8	1	VAZ	ILM	B1	Quartet_RNA_ILM_NovaSeq_RiboZero_ARD_20181110_genes_fpkm.csv	Quartet_RNA_ILM_NovaSeq_RiboZero_ARD_20181110_gene_count_matrix.csv	R	L2	R_ILM_L2_B1
FPKM.Quartet_RNA_ILM_NovaSeq_RiboZero_ARD_M8_1_20190129	RiboZero	ARD	20190129	M8	1	KAPA	ILM	B2	Quartet_RNA_ILM_NovaSeq_RiboZero_ARD_20190129_genes_fpkm.csv	Quartet_RNA_ILM_NovaSeq_RiboZero_ARD_20190129_gene_count_matrix.csv	R	L2	R_ILM_L2_B2
FPKM.Quartet_RNA_ILM_NovaSeq_RiboZero_ARD_M8_2_20181110	RiboZero	ARD	20181110	M8	2	VAZ	ILM	B1	Quartet_RNA_ILM_NovaSeq_RiboZero_ARD_20181110_genes_fpkm.csv	Quartet_RNA_ILM_NovaSeq_RiboZero_ARD_20181110_gene_count_matrix.csv	R	L2	R_ILM_L2_B1
FPKM.Quartet_RNA_ILM_NovaSeq_RiboZero_ARD_M8_2_20190129	RiboZero	ARD	20190129	M8	2	KAPA	ILM	B2	Quartet_RNA_ILM_NovaSeq_RiboZero_ARD_20190129_genes_fpkm.csv	Quartet_RNA_ILM_NovaSeq_RiboZero_ARD_20190129_gene_count_matrix.csv	R	L2	R_ILM_L2_B2
FPKM.Quartet_RNA_ILM_NovaSeq_RiboZero_ARD_M8_3_20181110	RiboZero	ARD	20181110	M8	3	VAZ	ILM	B1	Quartet_RNA_ILM_NovaSeq_RiboZero_ARD_20181110_genes_fpkm.csv	Quartet_RNA_ILM_NovaSeq_RiboZero_ARD_20181110_gene_count_matrix.csv	R	L2	R_ILM_L2_B1
FPKM.Quartet_RNA_ILM_NovaSeq_RiboZero_ARD_M8_3_20190129	RiboZero	ARD	20190129	M8	3	KAPA	ILM	B2	Quartet_RNA_ILM_NovaSeq_RiboZero_ARD_20190129_genes_fpkm.csv	Quartet_RNA_ILM_NovaSeq_RiboZero_ARD_20190129_gene_count_matrix.csv	R	L2	R_ILM_L2_B2
FPKM.Quartet_RNA_ILM_NovaSeq_RiboZero_BRG_D5_1_20181020	RiboZero	BRG	20181020	D5	1	VAZ	ILM	B1	Quartet_RNA_ILM_NovaSeq_RiboZero_BRG_20181020_genes_fpkm.csv	Quartet_RNA_ILM_NovaSeq_RiboZero_BRG_20181020_gene_count_matrix.csv	R	L4	R_ILM_L4_B1
FPKM.Quartet_RNA_ILM_NovaSeq_RiboZero_BRG_D5_2_20181020	RiboZero	BRG	20181020	D5	2	VAZ	ILM	B1	Quartet_RNA_ILM_NovaSeq_RiboZero_BRG_20181020_genes_fpkm.csv	Quartet_RNA_ILM_NovaSeq_RiboZero_BRG_20181020_gene_count_matrix.csv	R	L4	R_ILM_L4_B1
FPKM.Quartet_RNA_ILM_NovaSeq_RiboZero_BRG_D5_3_20181020	RiboZero	BRG	20181020	D5	3	VAZ	ILM	B1	Quartet_RNA_ILM_NovaSeq_RiboZero_BRG_20181020_genes_fpkm.csv	Quartet_RNA_ILM_NovaSeq_RiboZero_BRG_20181020_gene_count_matrix.csv	R	L4	R_ILM_L4_B1
FPKM.Quartet_RNA_ILM_NovaSeq_RiboZero_BRG_D5_4_20190306	RiboZero	BRG	20190306	D5	1	VAZ	ILM	B2	Quartet_RNA_ILM_NovaSeq_RiboZero_BRG_20190306_genes_fpkm.csv	Quartet_RNA_ILM_NovaSeq_RiboZero_BRG_20190306_gene_count_matrix.csv	R	L4	R_ILM_L4_B2
FPKM.Quartet_RNA_ILM_NovaSeq_RiboZero_BRG_D5_5_20190306	RiboZero	BRG	20190306	D5	2	VAZ	ILM	B2	Quartet_RNA_ILM_NovaSeq_RiboZero_BRG_20190306_genes_fpkm.csv	Quartet_RNA_ILM_NovaSeq_RiboZero_BRG_20190306_gene_count_matrix.csv	R	L4	R_ILM_L4_B2
FPKM.Quartet_RNA_ILM_NovaSeq_RiboZero_BRG_D5_6_20190306	RiboZero	BRG	20190306	D5	3	VAZ	ILM	B2	Quartet_RNA_ILM_NovaSeq_RiboZero_BRG_20190306_genes_fpkm.csv	Quartet_RNA_ILM_NovaSeq_RiboZero_BRG_20190306_gene_count_matrix.csv	R	L4	R_ILM_L4_B2
FPKM.Quartet_RNA_ILM_NovaSeq_RiboZero_BRG_D5_7_20190506	RiboZero	BRG	20190506	D5	1	VAZ	ILM	B3	Quartet_RNA_ILM_NovaSeq_RiboZero_BRG_20190506_genes_fpkm.csv	Quartet_RNA_ILM_NovaSeq_RiboZero_BRG_20190506_gene_count_matrix.csv	R	L4	R_ILM_L4_B3
FPKM.Quartet_RNA_ILM_NovaSeq_RiboZero_BRG_D5_8_20190506	RiboZero	BRG	20190506	D5	2	VAZ	ILM	B3	Quartet_RNA_ILM_NovaSeq_RiboZero_BRG_20190506_genes_fpkm.csv	Quartet_RNA_ILM_NovaSeq_RiboZero_BRG_20190506_gene_count_matrix.csv	R	L4	R_ILM_L4_B3
FPKM.Quartet_RNA_ILM_NovaSeq_RiboZero_BRG_D5_9_20190506	RiboZero	BRG	20190506	D5	3	VAZ	ILM	B3	Quartet_RNA_ILM_NovaSeq_RiboZero_BRG_20190506_genes_fpkm.csv	Quartet_RNA_ILM_NovaSeq_RiboZero_BRG_20190506_gene_count_matrix.csv	R	L4	R_ILM_L4_B3
FPKM.Quartet_RNA_ILM_NovaSeq_RiboZero_BRG_D6_1_20181020	RiboZero	BRG	20181020	D6	1	VAZ	ILM	B1	Quartet_RNA_ILM_NovaSeq_RiboZero_BRG_20181020_genes_fpkm.csv	Quartet_RNA_ILM_NovaSeq_RiboZero_BRG_20181020_gene_count_matrix.csv	R	L4	R_ILM_L4_B1
FPKM.Quartet_RNA_ILM_NovaSeq_RiboZero_BRG_D6_2_20181020	RiboZero	BRG	20181020	D6	2	VAZ	ILM	B1	Quartet_RNA_ILM_NovaSeq_RiboZero_BRG_20181020_genes_fpkm.csv	Quartet_RNA_ILM_NovaSeq_RiboZero_BRG_20181020_gene_count_matrix.csv	R	L4	R_ILM_L4_B1
FPKM.Quartet_RNA_ILM_NovaSeq_RiboZero_BRG_D6_3_20181020	RiboZero	BRG	20181020	D6	3	VAZ	ILM	B1	Quartet_RNA_ILM_NovaSeq_RiboZero_BRG_20181020_genes_fpkm.csv	Quartet_RNA_ILM_NovaSeq_RiboZero_BRG_20181020_gene_count_matrix.csv	R	L4	R_ILM_L4_B1
FPKM.Quartet_RNA_ILM_NovaSeq_RiboZero_BRG_D6_4_20190306	RiboZero	BRG	20190306	D6	1	VAZ	ILM	B2	Quartet_RNA_ILM_NovaSeq_RiboZero_BRG_20190306_genes_fpkm.csv	Quartet_RNA_ILM_NovaSeq_RiboZero_BRG_20190306_gene_count_matrix.csv	R	L4	R_ILM_L4_B2
FPKM.Quartet_RNA_ILM_NovaSeq_RiboZero_BRG_D6_5_20190306	RiboZero	BRG	20190306	D6	2	VAZ	ILM	B2	Quartet_RNA_ILM_NovaSeq_RiboZero_BRG_20190306_genes_fpkm.csv	Quartet_RNA_ILM_NovaSeq_RiboZero_BRG_20190306_gene_count_matrix.csv	R	L4	R_ILM_L4_B2
FPKM.Quartet_RNA_ILM_NovaSeq_RiboZero_BRG_D6_6_20190306	RiboZero	BRG	20190306	D6	3	VAZ	ILM	B2	Quartet_RNA_ILM_NovaSeq_RiboZero_BRG_20190306_genes_fpkm.csv	Quartet_RNA_ILM_NovaSeq_RiboZero_BRG_20190306_gene_count_matrix.csv	R	L4	R_ILM_L4_B2
FPKM.Quartet_RNA_ILM_NovaSeq_RiboZero_BRG_D6_7_20190506	RiboZero	BRG	20190506	D6	1	VAZ	ILM	B3	Quartet_RNA_ILM_NovaSeq_RiboZero_BRG_20190506_genes_fpkm.csv	Quartet_RNA_ILM_NovaSeq_RiboZero_BRG_20190506_gene_count_matrix.csv	R	L4	R_ILM_L4_B3
FPKM.Quartet_RNA_ILM_NovaSeq_RiboZero_BRG_D6_8_20190506	RiboZero	BRG	20190506	D6	2	VAZ	ILM	B3	Quartet_RNA_ILM_NovaSeq_RiboZero_BRG_20190506_genes_fpkm.csv	Quartet_RNA_ILM_NovaSeq_RiboZero_BRG_20190506_gene_count_matrix.csv	R	L4	R_ILM_L4_B3
FPKM.Quartet_RNA_ILM_NovaSeq_RiboZero_BRG_D6_9_20190506	RiboZero	BRG	20190506	D6	3	VAZ	ILM	B3	Quartet_RNA_ILM_NovaSeq_RiboZero_BRG_20190506_genes_fpkm.csv	Quartet_RNA_ILM_NovaSeq_RiboZero_BRG_20190506_gene_count_matrix.csv	R	L4	R_ILM_L4_B3
FPKM.Quartet_RNA_ILM_NovaSeq_RiboZero_BRG_F7_1_20181020	RiboZero	BRG	20181020	F7	1	VAZ	ILM	B1	Quartet_RNA_ILM_NovaSeq_RiboZero_BRG_20181020_genes_fpkm.csv	Quartet_RNA_ILM_NovaSeq_RiboZero_BRG_20181020_gene_count_matrix.csv	R	L4	R_ILM_L4_B1
FPKM.Quartet_RNA_ILM_NovaSeq_RiboZero_BRG_F7_2_20181020	RiboZero	BRG	20181020	F7	2	VAZ	ILM	B1	Quartet_RNA_ILM_NovaSeq_RiboZero_BRG_20181020_genes_fpkm.csv	Quartet_RNA_ILM_NovaSeq_RiboZero_BRG_20181020_gene_count_matrix.csv	R	L4	R_ILM_L4_B1
FPKM.Quartet_RNA_ILM_NovaSeq_RiboZero_BRG_F7_3_20181020	RiboZero	BRG	20181020	F7	3	VAZ	ILM	B1	Quartet_RNA_ILM_NovaSeq_RiboZero_BRG_20181020_genes_fpkm.csv	Quartet_RNA_ILM_NovaSeq_RiboZero_BRG_20181020_gene_count_matrix.csv	R	L4	R_ILM_L4_B1
FPKM.Quartet_RNA_ILM_NovaSeq_RiboZero_BRG_F7_4_20190306	RiboZero	BRG	20190306	F7	1	VAZ	ILM	B2	Quartet_RNA_ILM_NovaSeq_RiboZero_BRG_20190306_genes_fpkm.csv	Quartet_RNA_ILM_NovaSeq_RiboZero_BRG_20190306_gene_count_matrix.csv	R	L4	R_ILM_L4_B2
FPKM.Quartet_RNA_ILM_NovaSeq_RiboZero_BRG_F7_5_20190306	RiboZero	BRG	20190306	F7	2	VAZ	ILM	B2	Quartet_RNA_ILM_NovaSeq_RiboZero_BRG_20190306_genes_fpkm.csv	Quartet_RNA_ILM_NovaSeq_RiboZero_BRG_20190306_gene_count_matrix.csv	R	L4	R_ILM_L4_B2
FPKM.Quartet_RNA_ILM_NovaSeq_RiboZero_BRG_F7_6_20190306	RiboZero	BRG	20190306	F7	3	VAZ	ILM	B2	Quartet_RNA_ILM_NovaSeq_RiboZero_BRG_20190306_genes_fpkm.csv	Quartet_RNA_ILM_NovaSeq_RiboZero_BRG_20190306_gene_count_matrix.csv	R	L4	R_ILM_L4_B2
FPKM.Quartet_RNA_ILM_NovaSeq_RiboZero_BRG_F7_7_20190506	RiboZero	BRG	20190506	F7	1	VAZ	ILM	B3	Quartet_RNA_ILM_NovaSeq_RiboZero_BRG_20190506_genes_fpkm.csv	Quartet_RNA_ILM_NovaSeq_RiboZero_BRG_20190506_gene_count_matrix.csv	R	L4	R_ILM_L4_B3
FPKM.Quartet_RNA_ILM_NovaSeq_RiboZero_BRG_F7_8_20190506	RiboZero	BRG	20190506	F7	2	VAZ	ILM	B3	Quartet_RNA_ILM_NovaSeq_RiboZero_BRG_20190506_genes_fpkm.csv	Quartet_RNA_ILM_NovaSeq_RiboZero_BRG_20190506_gene_count_matrix.csv	R	L4	R_ILM_L4_B3
FPKM.Quartet_RNA_ILM_NovaSeq_RiboZero_BRG_F7_9_20190506	RiboZero	BRG	20190506	F7	3	VAZ	ILM	B3	Quartet_RNA_ILM_NovaSeq_RiboZero_BRG_20190506_genes_fpkm.csv	Quartet_RNA_ILM_NovaSeq_RiboZero_BRG_20190506_gene_count_matrix.csv	R	L4	R_ILM_L4_B3
FPKM.Quartet_RNA_ILM_NovaSeq_RiboZero_BRG_M8_1_20181020	RiboZero	BRG	20181020	M8	1	VAZ	ILM	B1	Quartet_RNA_ILM_NovaSeq_RiboZero_BRG_20181020_genes_fpkm.csv	Quartet_RNA_ILM_NovaSeq_RiboZero_BRG_20181020_gene_count_matrix.csv	R	L4	R_ILM_L4_B1
FPKM.Quartet_RNA_ILM_NovaSeq_RiboZero_BRG_M8_2_20181020	RiboZero	BRG	20181020	M8	2	VAZ	ILM	B1	Quartet_RNA_ILM_NovaSeq_RiboZero_BRG_20181020_genes_fpkm.csv	Quartet_RNA_ILM_NovaSeq_RiboZero_BRG_20181020_gene_count_matrix.csv	R	L4	R_ILM_L4_B1
FPKM.Quartet_RNA_ILM_NovaSeq_RiboZero_BRG_M8_3_20181020	RiboZero	BRG	20181020	M8	3	VAZ	ILM	B1	Quartet_RNA_ILM_NovaSeq_RiboZero_BRG_20181020_genes_fpkm.csv	Quartet_RNA_ILM_NovaSeq_RiboZero_BRG_20181020_gene_count_matrix.csv	R	L4	R_ILM_L4_B1
FPKM.Quartet_RNA_ILM_NovaSeq_RiboZero_BRG_M8_4_20190306	RiboZero	BRG	20190306	M8	1	VAZ	ILM	B2	Quartet_RNA_ILM_NovaSeq_RiboZero_BRG_20190306_genes_fpkm.csv	Quartet_RNA_ILM_NovaSeq_RiboZero_BRG_20190306_gene_count_matrix.csv	R	L4	R_ILM_L4_B2
FPKM.Quartet_RNA_ILM_NovaSeq_RiboZero_BRG_M8_5_20190306	RiboZero	BRG	20190306	M8	2	VAZ	ILM	B2	Quartet_RNA_ILM_NovaSeq_RiboZero_BRG_20190306_genes_fpkm.csv	Quartet_RNA_ILM_NovaSeq_RiboZero_BRG_20190306_gene_count_matrix.csv	R	L4	R_ILM_L4_B2
FPKM.Quartet_RNA_ILM_NovaSeq_RiboZero_BRG_M8_6_20190306	RiboZero	BRG	20190306	M8	3	VAZ	ILM	B2	Quartet_RNA_ILM_NovaSeq_RiboZero_BRG_20190306_genes_fpkm.csv	Quartet_RNA_ILM_NovaSeq_RiboZero_BRG_20190306_gene_count_matrix.csv	R	L4	R_ILM_L4_B2
FPKM.Quartet_RNA_ILM_NovaSeq_RiboZero_BRG_M8_7_20190506	RiboZero	BRG	20190506	M8	1	VAZ	ILM	B3	Quartet_RNA_ILM_NovaSeq_RiboZero_BRG_20190506_genes_fpkm.csv	Quartet_RNA_ILM_NovaSeq_RiboZero_BRG_20190506_gene_count_matrix.csv	R	L4	R_ILM_L4_B3
FPKM.Quartet_RNA_ILM_NovaSeq_RiboZero_BRG_M8_8_20190506	RiboZero	BRG	20190506	M8	2	VAZ	ILM	B3	Quartet_RNA_ILM_NovaSeq_RiboZero_BRG_20190506_genes_fpkm.csv	Quartet_RNA_ILM_NovaSeq_RiboZero_BRG_20190506_gene_count_matrix.csv	R	L4	R_ILM_L4_B3
FPKM.Quartet_RNA_ILM_NovaSeq_RiboZero_BRG_M8_9_20190506	RiboZero	BRG	20190506	M8	3	VAZ	ILM	B3	Quartet_RNA_ILM_NovaSeq_RiboZero_BRG_20190506_genes_fpkm.csv	Quartet_RNA_ILM_NovaSeq_RiboZero_BRG_20190506_gene_count_matrix.csv	R	L4	R_ILM_L4_B3
FPKM.Quartet_RNA_ILM_NovaSeq_RiboZero_FDU_D5_1_20190710	RiboZero	FDU	20190710	D5	1	VAZ	ILM	B1	Quartet_RNA_ILM_NovaSeq_RiboZero_FDU_20190710_genes_fpkm.csv	Quartet_RNA_ILM_NovaSeq_RiboZero_FDU_20190710_gene_count_matrix.csv	R	L5	R_ILM_L5_B1
FPKM.Quartet_RNA_ILM_NovaSeq_RiboZero_FDU_D5_1_20200205	RiboZero	FDU	20200205	D5	1	PE	ILM	B2	Quartet_RNA_ILM_NovaSeq_RiboZero_FDU_20200205_genes_fpkm.csv	Quartet_RNA_ILM_NovaSeq_RiboZero_FDU_20200205_gene_count_matrix.csv	R	L5	R_ILM_L5_B2
FPKM.Quartet_RNA_ILM_NovaSeq_RiboZero_FDU_D5_1_20200423	RiboZero	FDU	20200423	D5	1	VAZ	ILM	B3	Quartet_RNA_ILM_NovaSeq_RiboZero_FDU_20200423_genes_fpkm.csv	Quartet_RNA_ILM_NovaSeq_RiboZero_FDU_20200423_gene_count_matrix.csv	R	L5	R_ILM_L5_B3
FPKM.Quartet_RNA_ILM_NovaSeq_RiboZero_FDU_D5_2_20190710	RiboZero	FDU	20190710	D5	2	VAZ	ILM	B1	Quartet_RNA_ILM_NovaSeq_RiboZero_FDU_20190710_genes_fpkm.csv	Quartet_RNA_ILM_NovaSeq_RiboZero_FDU_20190710_gene_count_matrix.csv	R	L5	R_ILM_L5_B1
FPKM.Quartet_RNA_ILM_NovaSeq_RiboZero_FDU_D5_2_20200205	RiboZero	FDU	20200205	D5	2	PE	ILM	B2	Quartet_RNA_ILM_NovaSeq_RiboZero_FDU_20200205_genes_fpkm.csv	Quartet_RNA_ILM_NovaSeq_RiboZero_FDU_20200205_gene_count_matrix.csv	R	L5	R_ILM_L5_B2
FPKM.Quartet_RNA_ILM_NovaSeq_RiboZero_FDU_D5_2_20200423	RiboZero	FDU	20200423	D5	2	VAZ	ILM	B3	Quartet_RNA_ILM_NovaSeq_RiboZero_FDU_20200423_genes_fpkm.csv	Quartet_RNA_ILM_NovaSeq_RiboZero_FDU_20200423_gene_count_matrix.csv	R	L5	R_ILM_L5_B3
FPKM.Quartet_RNA_ILM_NovaSeq_RiboZero_FDU_D5_3_20190710	RiboZero	FDU	20190710	D5	3	VAZ	ILM	B1	Quartet_RNA_ILM_NovaSeq_RiboZero_FDU_20190710_genes_fpkm.csv	Quartet_RNA_ILM_NovaSeq_RiboZero_FDU_20190710_gene_count_matrix.csv	R	L5	R_ILM_L5_B1
FPKM.Quartet_RNA_ILM_NovaSeq_RiboZero_FDU_D5_3_20200205	RiboZero	FDU	20200205	D5	3	PE	ILM	B2	Quartet_RNA_ILM_NovaSeq_RiboZero_FDU_20200205_genes_fpkm.csv	Quartet_RNA_ILM_NovaSeq_RiboZero_FDU_20200205_gene_count_matrix.csv	R	L5	R_ILM_L5_B2
FPKM.Quartet_RNA_ILM_NovaSeq_RiboZero_FDU_D5_4_20200423	RiboZero	FDU	20200423	D5	3	VAZ	ILM	B3	Quartet_RNA_ILM_NovaSeq_RiboZero_FDU_20200423_genes_fpkm.csv	Quartet_RNA_ILM_NovaSeq_RiboZero_FDU_20200423_gene_count_matrix.csv	R	L5	R_ILM_L5_B3
FPKM.Quartet_RNA_ILM_NovaSeq_RiboZero_FDU_D6_1_20190710	RiboZero	FDU	20190710	D6	1	VAZ	ILM	B1	Quartet_RNA_ILM_NovaSeq_RiboZero_FDU_20190710_genes_fpkm.csv	Quartet_RNA_ILM_NovaSeq_RiboZero_FDU_20190710_gene_count_matrix.csv	R	L5	R_ILM_L5_B1
FPKM.Quartet_RNA_ILM_NovaSeq_RiboZero_FDU_D6_1_20200205	RiboZero	FDU	20200205	D6	1	PE	ILM	B2	Quartet_RNA_ILM_NovaSeq_RiboZero_FDU_20200205_genes_fpkm.csv	Quartet_RNA_ILM_NovaSeq_RiboZero_FDU_20200205_gene_count_matrix.csv	R	L5	R_ILM_L5_B2
FPKM.Quartet_RNA_ILM_NovaSeq_RiboZero_FDU_D6_1_20200423	RiboZero	FDU	20200423	D6	1	VAZ	ILM	B3	Quartet_RNA_ILM_NovaSeq_RiboZero_FDU_20200423_genes_fpkm.csv	Quartet_RNA_ILM_NovaSeq_RiboZero_FDU_20200423_gene_count_matrix.csv	R	L5	R_ILM_L5_B3
FPKM.Quartet_RNA_ILM_NovaSeq_RiboZero_FDU_D6_2_20190710	RiboZero	FDU	20190710	D6	2	VAZ	ILM	B1	Quartet_RNA_ILM_NovaSeq_RiboZero_FDU_20190710_genes_fpkm.csv	Quartet_RNA_ILM_NovaSeq_RiboZero_FDU_20190710_gene_count_matrix.csv	R	L5	R_ILM_L5_B1
FPKM.Quartet_RNA_ILM_NovaSeq_RiboZero_FDU_D6_2_20200205	RiboZero	FDU	20200205	D6	2	PE	ILM	B2	Quartet_RNA_ILM_NovaSeq_RiboZero_FDU_20200205_genes_fpkm.csv	Quartet_RNA_ILM_NovaSeq_RiboZero_FDU_20200205_gene_count_matrix.csv	R	L5	R_ILM_L5_B2
FPKM.Quartet_RNA_ILM_NovaSeq_RiboZero_FDU_D6_2_20200423	RiboZero	FDU	20200423	D6	2	VAZ	ILM	B3	Quartet_RNA_ILM_NovaSeq_RiboZero_FDU_20200423_genes_fpkm.csv	Quartet_RNA_ILM_NovaSeq_RiboZero_FDU_20200423_gene_count_matrix.csv	R	L5	R_ILM_L5_B3
FPKM.Quartet_RNA_ILM_NovaSeq_RiboZero_FDU_D6_3_20190710	RiboZero	FDU	20190710	D6	3	VAZ	ILM	B1	Quartet_RNA_ILM_NovaSeq_RiboZero_FDU_20190710_genes_fpkm.csv	Quartet_RNA_ILM_NovaSeq_RiboZero_FDU_20190710_gene_count_matrix.csv	R	L5	R_ILM_L5_B1
FPKM.Quartet_RNA_ILM_NovaSeq_RiboZero_FDU_D6_3_20200205	RiboZero	FDU	20200205	D6	3	PE	ILM	B2	Quartet_RNA_ILM_NovaSeq_RiboZero_FDU_20200205_genes_fpkm.csv	Quartet_RNA_ILM_NovaSeq_RiboZero_FDU_20200205_gene_count_matrix.csv	R	L5	R_ILM_L5_B2
FPKM.Quartet_RNA_ILM_NovaSeq_RiboZero_FDU_D6_4_20200423	RiboZero	FDU	20200423	D6	3	VAZ	ILM	B3	Quartet_RNA_ILM_NovaSeq_RiboZero_FDU_20200423_genes_fpkm.csv	Quartet_RNA_ILM_NovaSeq_RiboZero_FDU_20200423_gene_count_matrix.csv	R	L5	R_ILM_L5_B3
FPKM.Quartet_RNA_ILM_NovaSeq_RiboZero_FDU_F7_1_20190710	RiboZero	FDU	20190710	F7	1	VAZ	ILM	B1	Quartet_RNA_ILM_NovaSeq_RiboZero_FDU_20190710_genes_fpkm.csv	Quartet_RNA_ILM_NovaSeq_RiboZero_FDU_20190710_gene_count_matrix.csv	R	L5	R_ILM_L5_B1
FPKM.Quartet_RNA_ILM_NovaSeq_RiboZero_FDU_F7_1_20200205	RiboZero	FDU	20200205	F7	1	PE	ILM	B2	Quartet_RNA_ILM_NovaSeq_RiboZero_FDU_20200205_genes_fpkm.csv	Quartet_RNA_ILM_NovaSeq_RiboZero_FDU_20200205_gene_count_matrix.csv	R	L5	R_ILM_L5_B2
FPKM.Quartet_RNA_ILM_NovaSeq_RiboZero_FDU_F7_1_20200423	RiboZero	FDU	20200423	F7	1	VAZ	ILM	B3	Quartet_RNA_ILM_NovaSeq_RiboZero_FDU_20200423_genes_fpkm.csv	Quartet_RNA_ILM_NovaSeq_RiboZero_FDU_20200423_gene_count_matrix.csv	R	L5	R_ILM_L5_B3
FPKM.Quartet_RNA_ILM_NovaSeq_RiboZero_FDU_F7_2_20190710	RiboZero	FDU	20190710	F7	2	VAZ	ILM	B1	Quartet_RNA_ILM_NovaSeq_RiboZero_FDU_20190710_genes_fpkm.csv	Quartet_RNA_ILM_NovaSeq_RiboZero_FDU_20190710_gene_count_matrix.csv	R	L5	R_ILM_L5_B1
FPKM.Quartet_RNA_ILM_NovaSeq_RiboZero_FDU_F7_2_20200205	RiboZero	FDU	20200205	F7	2	PE	ILM	B2	Quartet_RNA_ILM_NovaSeq_RiboZero_FDU_20200205_genes_fpkm.csv	Quartet_RNA_ILM_NovaSeq_RiboZero_FDU_20200205_gene_count_matrix.csv	R	L5	R_ILM_L5_B2
FPKM.Quartet_RNA_ILM_NovaSeq_RiboZero_FDU_F7_2_20200423	RiboZero	FDU	20200423	F7	2	VAZ	ILM	B3	Quartet_RNA_ILM_NovaSeq_RiboZero_FDU_20200423_genes_fpkm.csv	Quartet_RNA_ILM_NovaSeq_RiboZero_FDU_20200423_gene_count_matrix.csv	R	L5	R_ILM_L5_B3
FPKM.Quartet_RNA_ILM_NovaSeq_RiboZero_FDU_F7_3_20190710	RiboZero	FDU	20190710	F7	3	VAZ	ILM	B1	Quartet_RNA_ILM_NovaSeq_RiboZero_FDU_20190710_genes_fpkm.csv	Quartet_RNA_ILM_NovaSeq_RiboZero_FDU_20190710_gene_count_matrix.csv	R	L5	R_ILM_L5_B1
FPKM.Quartet_RNA_ILM_NovaSeq_RiboZero_FDU_F7_3_20200205	RiboZero	FDU	20200205	F7	3	PE	ILM	B2	Quartet_RNA_ILM_NovaSeq_RiboZero_FDU_20200205_genes_fpkm.csv	Quartet_RNA_ILM_NovaSeq_RiboZero_FDU_20200205_gene_count_matrix.csv	R	L5	R_ILM_L5_B2
FPKM.Quartet_RNA_ILM_NovaSeq_RiboZero_FDU_F7_4_20200423	RiboZero	FDU	20200423	F7	3	VAZ	ILM	B3	Quartet_RNA_ILM_NovaSeq_RiboZero_FDU_20200423_genes_fpkm.csv	Quartet_RNA_ILM_NovaSeq_RiboZero_FDU_20200423_gene_count_matrix.csv	R	L5	R_ILM_L5_B3
FPKM.Quartet_RNA_ILM_NovaSeq_RiboZero_FDU_M8_1_20190710	RiboZero	FDU	20190710	M8	1	VAZ	ILM	B1	Quartet_RNA_ILM_NovaSeq_RiboZero_FDU_20190710_genes_fpkm.csv	Quartet_RNA_ILM_NovaSeq_RiboZero_FDU_20190710_gene_count_matrix.csv	R	L5	R_ILM_L5_B1
FPKM.Quartet_RNA_ILM_NovaSeq_RiboZero_FDU_M8_1_20200205	RiboZero	FDU	20200205	M8	1	PE	ILM	B2	Quartet_RNA_ILM_NovaSeq_RiboZero_FDU_20200205_genes_fpkm.csv	Quartet_RNA_ILM_NovaSeq_RiboZero_FDU_20200205_gene_count_matrix.csv	R	L5	R_ILM_L5_B2
FPKM.Quartet_RNA_ILM_NovaSeq_RiboZero_FDU_M8_1_20200423	RiboZero	FDU	20200423	M8	1	VAZ	ILM	B3	Quartet_RNA_ILM_NovaSeq_RiboZero_FDU_20200423_genes_fpkm.csv	Quartet_RNA_ILM_NovaSeq_RiboZero_FDU_20200423_gene_count_matrix.csv	R	L5	R_ILM_L5_B3
FPKM.Quartet_RNA_ILM_NovaSeq_RiboZero_FDU_M8_2_20190710	RiboZero	FDU	20190710	M8	2	VAZ	ILM	B1	Quartet_RNA_ILM_NovaSeq_RiboZero_FDU_20190710_genes_fpkm.csv	Quartet_RNA_ILM_NovaSeq_RiboZero_FDU_20190710_gene_count_matrix.csv	R	L5	R_ILM_L5_B1
FPKM.Quartet_RNA_ILM_NovaSeq_RiboZero_FDU_M8_2_20200205	RiboZero	FDU	20200205	M8	2	PE	ILM	B2	Quartet_RNA_ILM_NovaSeq_RiboZero_FDU_20200205_genes_fpkm.csv	Quartet_RNA_ILM_NovaSeq_RiboZero_FDU_20200205_gene_count_matrix.csv	R	L5	R_ILM_L5_B2
FPKM.Quartet_RNA_ILM_NovaSeq_RiboZero_FDU_M8_2_20200423	RiboZero	FDU	20200423	M8	2	VAZ	ILM	B3	Quartet_RNA_ILM_NovaSeq_RiboZero_FDU_20200423_genes_fpkm.csv	Quartet_RNA_ILM_NovaSeq_RiboZero_FDU_20200423_gene_count_matrix.csv	R	L5	R_ILM_L5_B3
FPKM.Quartet_RNA_ILM_NovaSeq_RiboZero_FDU_M8_3_20190710	RiboZero	FDU	20190710	M8	3	VAZ	ILM	B1	Quartet_RNA_ILM_NovaSeq_RiboZero_FDU_20190710_genes_fpkm.csv	Quartet_RNA_ILM_NovaSeq_RiboZero_FDU_20190710_gene_count_matrix.csv	R	L5	R_ILM_L5_B1
FPKM.Quartet_RNA_ILM_NovaSeq_RiboZero_FDU_M8_3_20200205	RiboZero	FDU	20200205	M8	3	PE	ILM	B2	Quartet_RNA_ILM_NovaSeq_RiboZero_FDU_20200205_genes_fpkm.csv	Quartet_RNA_ILM_NovaSeq_RiboZero_FDU_20200205_gene_count_matrix.csv	R	L5	R_ILM_L5_B2
FPKM.Quartet_RNA_ILM_NovaSeq_RiboZero_FDU_M8_4_20200423	RiboZero	FDU	20200423	M8	3	VAZ	ILM	B3	Quartet_RNA_ILM_NovaSeq_RiboZero_FDU_20200423_genes_fpkm.csv	Quartet_RNA_ILM_NovaSeq_RiboZero_FDU_20200423_gene_count_matrix.csv	R	L5	R_ILM_L5_B3
FPKM.Quartet_RNA_ILM_NovaSeq_RiboZero_VAZ_D5_1_20200612	RiboZero	VAZ	20200612	D5	1	VAZ	ILM	B1	Quartet_RNA_ILM_NovaSeq_RiboZero_VAZ_20200612_genes_fpkm.csv	Quartet_RNA_ILM_NovaSeq_RiboZero_VAZ_20200612_gene_count_matrix.csv	R	L6	R_ILM_L6_B1
FPKM.Quartet_RNA_ILM_NovaSeq_RiboZero_VAZ_D5_2_20200612	RiboZero	VAZ	20200612	D5	2	VAZ	ILM	B1	Quartet_RNA_ILM_NovaSeq_RiboZero_VAZ_20200612_genes_fpkm.csv	Quartet_RNA_ILM_NovaSeq_RiboZero_VAZ_20200612_gene_count_matrix.csv	R	L6	R_ILM_L6_B1
FPKM.Quartet_RNA_ILM_NovaSeq_RiboZero_VAZ_D5_3_20200612	RiboZero	VAZ	20200612	D5	3	VAZ	ILM	B1	Quartet_RNA_ILM_NovaSeq_RiboZero_VAZ_20200612_genes_fpkm.csv	Quartet_RNA_ILM_NovaSeq_RiboZero_VAZ_20200612_gene_count_matrix.csv	R	L6	R_ILM_L6_B1
FPKM.Quartet_RNA_ILM_NovaSeq_RiboZero_VAZ_D6_1_20200612	RiboZero	VAZ	20200612	D6	1	VAZ	ILM	B1	Quartet_RNA_ILM_NovaSeq_RiboZero_VAZ_20200612_genes_fpkm.csv	Quartet_RNA_ILM_NovaSeq_RiboZero_VAZ_20200612_gene_count_matrix.csv	R	L6	R_ILM_L6_B1
FPKM.Quartet_RNA_ILM_NovaSeq_RiboZero_VAZ_D6_2_20200612	RiboZero	VAZ	20200612	D6	2	VAZ	ILM	B1	Quartet_RNA_ILM_NovaSeq_RiboZero_VAZ_20200612_genes_fpkm.csv	Quartet_RNA_ILM_NovaSeq_RiboZero_VAZ_20200612_gene_count_matrix.csv	R	L6	R_ILM_L6_B1
FPKM.Quartet_RNA_ILM_NovaSeq_RiboZero_VAZ_D6_3_20200612	RiboZero	VAZ	20200612	D6	3	VAZ	ILM	B1	Quartet_RNA_ILM_NovaSeq_RiboZero_VAZ_20200612_genes_fpkm.csv	Quartet_RNA_ILM_NovaSeq_RiboZero_VAZ_20200612_gene_count_matrix.csv	R	L6	R_ILM_L6_B1
FPKM.Quartet_RNA_ILM_NovaSeq_RiboZero_VAZ_F7_1_20200612	RiboZero	VAZ	20200612	F7	1	VAZ	ILM	B1	Quartet_RNA_ILM_NovaSeq_RiboZero_VAZ_20200612_genes_fpkm.csv	Quartet_RNA_ILM_NovaSeq_RiboZero_VAZ_20200612_gene_count_matrix.csv	R	L6	R_ILM_L6_B1
FPKM.Quartet_RNA_ILM_NovaSeq_RiboZero_VAZ_F7_2_20200612	RiboZero	VAZ	20200612	F7	2	VAZ	ILM	B1	Quartet_RNA_ILM_NovaSeq_RiboZero_VAZ_20200612_genes_fpkm.csv	Quartet_RNA_ILM_NovaSeq_RiboZero_VAZ_20200612_gene_count_matrix.csv	R	L6	R_ILM_L6_B1
FPKM.Quartet_RNA_ILM_NovaSeq_RiboZero_VAZ_F7_3_20200612	RiboZero	VAZ	20200612	F7	3	VAZ	ILM	B1	Quartet_RNA_ILM_NovaSeq_RiboZero_VAZ_20200612_genes_fpkm.csv	Quartet_RNA_ILM_NovaSeq_RiboZero_VAZ_20200612_gene_count_matrix.csv	R	L6	R_ILM_L6_B1
FPKM.Quartet_RNA_ILM_NovaSeq_RiboZero_VAZ_M8_1_20200612	RiboZero	VAZ	20200612	M8	1	VAZ	ILM	B1	Quartet_RNA_ILM_NovaSeq_RiboZero_VAZ_20200612_genes_fpkm.csv	Quartet_RNA_ILM_NovaSeq_RiboZero_VAZ_20200612_gene_count_matrix.csv	R	L6	R_ILM_L6_B1
FPKM.Quartet_RNA_ILM_NovaSeq_RiboZero_VAZ_M8_2_20200612	RiboZero	VAZ	20200612	M8	2	VAZ	ILM	B1	Quartet_RNA_ILM_NovaSeq_RiboZero_VAZ_20200612_genes_fpkm.csv	Quartet_RNA_ILM_NovaSeq_RiboZero_VAZ_20200612_gene_count_matrix.csv	R	L6	R_ILM_L6_B1
FPKM.Quartet_RNA_ILM_NovaSeq_RiboZero_VAZ_M8_3_20200612	RiboZero	VAZ	20200612	M8	3	VAZ	ILM	B1	Quartet_RNA_ILM_NovaSeq_RiboZero_VAZ_20200612_genes_fpkm.csv	Quartet_RNA_ILM_NovaSeq_RiboZero_VAZ_20200612_gene_count_matrix.csv	R	L6	R_ILM_L6_B1
FPKM.Quartet_RNA_ILM_NovaSeq_RiboZero_WUX_D5_1_20180928	RiboZero	WUX	20180928	D5	1	ILM	ILM	B1	Quartet_RNA_ILM_NovaSeq_RiboZero_WUX_20180928_genes_fpkm.csv	Quartet_RNA_ILM_NovaSeq_RiboZero_WUX_20180928_gene_count_matrix.csv	R	L8	R_ILM_L8_B1
FPKM.Quartet_RNA_ILM_NovaSeq_RiboZero_WUX_D5_2_20180928	RiboZero	WUX	20180928	D5	2	ILM	ILM	B1	Quartet_RNA_ILM_NovaSeq_RiboZero_WUX_20180928_genes_fpkm.csv	Quartet_RNA_ILM_NovaSeq_RiboZero_WUX_20180928_gene_count_matrix.csv	R	L8	R_ILM_L8_B1
FPKM.Quartet_RNA_ILM_NovaSeq_RiboZero_WUX_D5_3_20180928	RiboZero	WUX	20180928	D5	3	ILM	ILM	B1	Quartet_RNA_ILM_NovaSeq_RiboZero_WUX_20180928_genes_fpkm.csv	Quartet_RNA_ILM_NovaSeq_RiboZero_WUX_20180928_gene_count_matrix.csv	R	L8	R_ILM_L8_B1
FPKM.Quartet_RNA_ILM_NovaSeq_RiboZero_WUX_D6_1_20180928	RiboZero	WUX	20180928	D6	1	ILM	ILM	B1	Quartet_RNA_ILM_NovaSeq_RiboZero_WUX_20180928_genes_fpkm.csv	Quartet_RNA_ILM_NovaSeq_RiboZero_WUX_20180928_gene_count_matrix.csv	R	L8	R_ILM_L8_B1
FPKM.Quartet_RNA_ILM_NovaSeq_RiboZero_WUX_D6_2_20180928	RiboZero	WUX	20180928	D6	2	ILM	ILM	B1	Quartet_RNA_ILM_NovaSeq_RiboZero_WUX_20180928_genes_fpkm.csv	Quartet_RNA_ILM_NovaSeq_RiboZero_WUX_20180928_gene_count_matrix.csv	R	L8	R_ILM_L8_B1
FPKM.Quartet_RNA_ILM_NovaSeq_RiboZero_WUX_D6_3_20180928	RiboZero	WUX	20180928	D6	3	ILM	ILM	B1	Quartet_RNA_ILM_NovaSeq_RiboZero_WUX_20180928_genes_fpkm.csv	Quartet_RNA_ILM_NovaSeq_RiboZero_WUX_20180928_gene_count_matrix.csv	R	L8	R_ILM_L8_B1
FPKM.Quartet_RNA_ILM_NovaSeq_RiboZero_WUX_F7_1_20180928	RiboZero	WUX	20180928	F7	1	ILM	ILM	B1	Quartet_RNA_ILM_NovaSeq_RiboZero_WUX_20180928_genes_fpkm.csv	Quartet_RNA_ILM_NovaSeq_RiboZero_WUX_20180928_gene_count_matrix.csv	R	L8	R_ILM_L8_B1
FPKM.Quartet_RNA_ILM_NovaSeq_RiboZero_WUX_F7_2_20180928	RiboZero	WUX	20180928	F7	2	ILM	ILM	B1	Quartet_RNA_ILM_NovaSeq_RiboZero_WUX_20180928_genes_fpkm.csv	Quartet_RNA_ILM_NovaSeq_RiboZero_WUX_20180928_gene_count_matrix.csv	R	L8	R_ILM_L8_B1
FPKM.Quartet_RNA_ILM_NovaSeq_RiboZero_WUX_F7_3_20180928	RiboZero	WUX	20180928	F7	3	ILM	ILM	B1	Quartet_RNA_ILM_NovaSeq_RiboZero_WUX_20180928_genes_fpkm.csv	Quartet_RNA_ILM_NovaSeq_RiboZero_WUX_20180928_gene_count_matrix.csv	R	L8	R_ILM_L8_B1
FPKM.Quartet_RNA_ILM_NovaSeq_RiboZero_WUX_M8_1_20180928	RiboZero	WUX	20180928	M8	1	ILM	ILM	B1	Quartet_RNA_ILM_NovaSeq_RiboZero_WUX_20180928_genes_fpkm.csv	Quartet_RNA_ILM_NovaSeq_RiboZero_WUX_20180928_gene_count_matrix.csv	R	L8	R_ILM_L8_B1
FPKM.Quartet_RNA_ILM_NovaSeq_RiboZero_WUX_M8_2_20180928	RiboZero	WUX	20180928	M8	2	ILM	ILM	B1	Quartet_RNA_ILM_NovaSeq_RiboZero_WUX_20180928_genes_fpkm.csv	Quartet_RNA_ILM_NovaSeq_RiboZero_WUX_20180928_gene_count_matrix.csv	R	L8	R_ILM_L8_B1
FPKM.Quartet_RNA_ILM_NovaSeq_RiboZero_WUX_M8_3_20180928	RiboZero	WUX	20180928	M8	3	ILM	ILM	B1	Quartet_RNA_ILM_NovaSeq_RiboZero_WUX_20180928_genes_fpkm.csv	Quartet_RNA_ILM_NovaSeq_RiboZero_WUX_20180928_gene_count_matrix.csv	R	L8	R_ILM_L8_B1
